InstanceType,AcceleratorName,AcceleratorCount,vCPUs,MemoryGiB,Region,SpotPrice,Price,AvailabilityZone,GpuInfo
1x_A100-80GB-SXM_SECURE,A100-80GB-SXM,1.0,16.0,117.0,US,1.49,1.49,US-CA-1,"{'Gpus': [{'Name': 'A100 SXM', 'Manufacturer': 'Nvidia', 'Count': 1, 'MemoryInfo': {'SizeInMiB': 80}}], 'TotalGpuMemoryInMiB': 80}"
1x_A100-80GB-SXM_SECURE,A100-80GB-SXM,1.0,16.0,117.0,US,1.49,1.49,US-CA-2,"{'Gpus': [{'Name': 'A100 SXM', 'Manufacturer': 'Nvidia', 'Count': 1, 'MemoryInfo': {'SizeInMiB': 80}}], 'TotalGpuMemoryInMiB': 80}"
1x_A100-80GB-SXM_SECURE,A100-80GB-SXM,1.0,16.0,117.0,US,1.49,1.49,US-DE-1,"{'Gpus': [{'Name': 'A100 SXM', 'Manufacturer': 'Nvidia', 'Count': 1, 'MemoryInfo': {'SizeInMiB': 80}}], 'TotalGpuMemoryInMiB': 80}"
1x_A100-80GB-SXM_SECURE,A100-80GB-SXM,1.0,16.0,117.0,US,1.49,1.49,US-GA-1,"{'Gpus': [{'Name': 'A100 SXM', 'Manufacturer': 'Nvidia', 'Count': 1, 'MemoryInfo': {'SizeInMiB': 80}}], 'TotalGpuMemoryInMiB': 80}"
1x_A100-80GB-SXM_SECURE,A100-80GB-SXM,1.0,16.0,117.0,US,1.49,1.49,US-GA-2,"{'Gpus': [{'Name': 'A100 SXM', 'Manufacturer': 'Nvidia', 'Count': 1, 'MemoryInfo': {'SizeInMiB': 80}}], 'TotalGpuMemoryInMiB': 80}"
1x_A100-80GB-SXM_SECURE,A100-80GB-SXM,1.0,16.0,117.0,US,1.49,1.49,US-IL-1,"{'Gpus': [{'Name': 'A100 SXM', 'Manufacturer': 'Nvidia', 'Count': 1, 'MemoryInfo': {'SizeInMiB': 80}}], 'TotalGpuMemoryInMiB': 80}"
1x_A100-80GB-SXM_SECURE,A100-80GB-SXM,1.0,16.0,117.0,US,1.49,1.49,US-KS-1,"{'Gpus': [{'Name': 'A100 SXM', 'Manufacturer': 'Nvidia', 'Count': 1, 'MemoryInfo': {'SizeInMiB': 80}}], 'TotalGpuMemoryInMiB': 80}"
1x_A100-80GB-SXM_SECURE,A100-80GB-SXM,1.0,16.0,117.0,US,1.49,1.49,US-KS-2,"{'Gpus': [{'Name': 'A100 SXM', 'Manufacturer': 'Nvidia', 'Count': 1, 'MemoryInfo': {'SizeInMiB': 80}}], 'TotalGpuMemoryInMiB': 80}"
1x_A100-80GB-SXM_SECURE,A100-80GB-SXM,1.0,16.0,117.0,US,1.49,1.49,US-NC-1,"{'Gpus': [{'Name': 'A100 SXM', 'Manufacturer': 'Nvidia', 'Count': 1, 'MemoryInfo': {'SizeInMiB': 80}}], 'TotalGpuMemoryInMiB': 80}"
1x_A100-80GB-SXM_SECURE,A100-80GB-SXM,1.0,16.0,117.0,US,1.49,1.49,US-TX-1,"{'Gpus': [{'Name': 'A100 SXM', 'Manufacturer': 'Nvidia', 'Count': 1, 'MemoryInfo': {'SizeInMiB': 80}}], 'TotalGpuMemoryInMiB': 80}"
1x_A100-80GB-SXM_SECURE,A100-80GB-SXM,1.0,16.0,117.0,US,1.49,1.49,US-TX-2,"{'Gpus': [{'Name': 'A100 SXM', 'Manufacturer': 'Nvidia', 'Count': 1, 'MemoryInfo': {'SizeInMiB': 80}}], 'TotalGpuMemoryInMiB': 80}"
1x_A100-80GB-SXM_SECURE,A100-80GB-SXM,1.0,16.0,117.0,US,1.49,1.49,US-TX-3,"{'Gpus': [{'Name': 'A100 SXM', 'Manufacturer': 'Nvidia', 'Count': 1, 'MemoryInfo': {'SizeInMiB': 80}}], 'TotalGpuMemoryInMiB': 80}"
1x_A100-80GB-SXM_SECURE,A100-80GB-SXM,1.0,16.0,117.0,US,1.49,1.49,US-TX-4,"{'Gpus': [{'Name': 'A100 SXM', 'Manufacturer': 'Nvidia', 'Count': 1, 'MemoryInfo': {'SizeInMiB': 80}}], 'TotalGpuMemoryInMiB': 80}"
1x_A100-80GB-SXM_SECURE,A100-80GB-SXM,1.0,16.0,117.0,US,1.49,1.49,US-WA-1,"{'Gpus': [{'Name': 'A100 SXM', 'Manufacturer': 'Nvidia', 'Count': 1, 'MemoryInfo': {'SizeInMiB': 80}}], 'TotalGpuMemoryInMiB': 80}"
1x_H100-SXM_SECURE,H100-SXM,1.0,20.0,125.0,IS,2.99,3.29,EUR-IS-1,"{'Gpus': [{'Name': 'H100 SXM', 'Manufacturer': 'Nvidia', 'Count': 1, 'MemoryInfo': {'SizeInMiB': 80}}], 'TotalGpuMemoryInMiB': 80}"
1x_H100-SXM_SECURE,H100-SXM,1.0,20.0,125.0,IS,2.99,3.29,EUR-IS-2,"{'Gpus': [{'Name': 'H100 SXM', 'Manufacturer': 'Nvidia', 'Count': 1, 'MemoryInfo': {'SizeInMiB': 80}}], 'TotalGpuMemoryInMiB': 80}"
1x_H100-SXM_SECURE,H100-SXM,1.0,20.0,125.0,IS,2.99,3.29,EUR-IS-3,"{'Gpus': [{'Name': 'H100 SXM', 'Manufacturer': 'Nvidia', 'Count': 1, 'MemoryInfo': {'SizeInMiB': 80}}], 'TotalGpuMemoryInMiB': 80}"
1x_H200-SXM_SECURE,H200-SXM,1.0,12.0,188.0,SE,3.99,4.39,EU-SE-1,"{'Gpus': [{'Name': 'H200 SXM', 'Manufacturer': 'Nvidia', 'Count': 1, 'MemoryInfo': {'SizeInMiB': 141}}], 'TotalGpuMemoryInMiB': 141}"
1x_H200-SXM_SECURE,H200-SXM,1.0,12.0,188.0,US,3.99,4.39,US-CA-1,"{'Gpus': [{'Name': 'H200 SXM', 'Manufacturer': 'Nvidia', 'Count': 1, 'MemoryInfo': {'SizeInMiB': 141}}], 'TotalGpuMemoryInMiB': 141}"
1x_H200-SXM_SECURE,H200-SXM,1.0,12.0,188.0,US,3.99,4.39,US-CA-2,"{'Gpus': [{'Name': 'H200 SXM', 'Manufacturer': 'Nvidia', 'Count': 1, 'MemoryInfo': {'SizeInMiB': 141}}], 'TotalGpuMemoryInMiB': 141}"
1x_H200-SXM_SECURE,H200-SXM,1.0,12.0,188.0,US,3.99,4.39,US-DE-1,"{'Gpus': [{'Name': 'H200 SXM', 'Manufacturer': 'Nvidia', 'Count': 1, 'MemoryInfo': {'SizeInMiB': 141}}], 'TotalGpuMemoryInMiB': 141}"
1x_H200-SXM_SECURE,H200-SXM,1.0,12.0,188.0,US,3.99,4.39,US-GA-1,"{'Gpus': [{'Name': 'H200 SXM', 'Manufacturer': 'Nvidia', 'Count': 1, 'MemoryInfo': {'SizeInMiB': 141}}], 'TotalGpuMemoryInMiB': 141}"
1x_H200-SXM_SECURE,H200-SXM,1.0,12.0,188.0,US,3.99,4.39,US-GA-2,"{'Gpus': [{'Name': 'H200 SXM', 'Manufacturer': 'Nvidia', 'Count': 1, 'MemoryInfo': {'SizeInMiB': 141}}], 'TotalGpuMemoryInMiB': 141}"
1x_H200-SXM_SECURE,H200-SXM,1.0,12.0,188.0,US,3.99,4.39,US-IL-1,"{'Gpus': [{'Name': 'H200 SXM', 'Manufacturer': 'Nvidia', 'Count': 1, 'MemoryInfo': {'SizeInMiB': 141}}], 'TotalGpuMemoryInMiB': 141}"
1x_H200-SXM_SECURE,H200-SXM,1.0,12.0,188.0,US,3.99,4.39,US-KS-1,"{'Gpus': [{'Name': 'H200 SXM', 'Manufacturer': 'Nvidia', 'Count': 1, 'MemoryInfo': {'SizeInMiB': 141}}], 'TotalGpuMemoryInMiB': 141}"
1x_H200-SXM_SECURE,H200-SXM,1.0,12.0,188.0,US,3.99,4.39,US-KS-2,"{'Gpus': [{'Name': 'H200 SXM', 'Manufacturer': 'Nvidia', 'Count': 1, 'MemoryInfo': {'SizeInMiB': 141}}], 'TotalGpuMemoryInMiB': 141}"
1x_H200-SXM_SECURE,H200-SXM,1.0,12.0,188.0,US,3.99,4.39,US-NC-1,"{'Gpus': [{'Name': 'H200 SXM', 'Manufacturer': 'Nvidia', 'Count': 1, 'MemoryInfo': {'SizeInMiB': 141}}], 'TotalGpuMemoryInMiB': 141}"
1x_H200-SXM_SECURE,H200-SXM,1.0,12.0,188.0,US,3.99,4.39,US-TX-1,"{'Gpus': [{'Name': 'H200 SXM', 'Manufacturer': 'Nvidia', 'Count': 1, 'MemoryInfo': {'SizeInMiB': 141}}], 'TotalGpuMemoryInMiB': 141}"
1x_H200-SXM_SECURE,H200-SXM,1.0,12.0,188.0,US,3.99,4.39,US-TX-2,"{'Gpus': [{'Name': 'H200 SXM', 'Manufacturer': 'Nvidia', 'Count': 1, 'MemoryInfo': {'SizeInMiB': 141}}], 'TotalGpuMemoryInMiB': 141}"
1x_H200-SXM_SECURE,H200-SXM,1.0,12.0,188.0,US,3.99,4.39,US-TX-3,"{'Gpus': [{'Name': 'H200 SXM', 'Manufacturer': 'Nvidia', 'Count': 1, 'MemoryInfo': {'SizeInMiB': 141}}], 'TotalGpuMemoryInMiB': 141}"
1x_H200-SXM_SECURE,H200-SXM,1.0,12.0,188.0,US,3.99,4.39,US-TX-4,"{'Gpus': [{'Name': 'H200 SXM', 'Manufacturer': 'Nvidia', 'Count': 1, 'MemoryInfo': {'SizeInMiB': 141}}], 'TotalGpuMemoryInMiB': 141}"
1x_H200-SXM_SECURE,H200-SXM,1.0,12.0,188.0,US,3.99,4.39,US-WA-1,"{'Gpus': [{'Name': 'H200 SXM', 'Manufacturer': 'Nvidia', 'Count': 1, 'MemoryInfo': {'SizeInMiB': 141}}], 'TotalGpuMemoryInMiB': 141}"
1x_L40S_SECURE,L40S,1.0,12.0,62.0,SE,0.86,0.86,EU-SE-1,"{'Gpus': [{'Name': 'L40S', 'Manufacturer': 'Nvidia', 'Count': 1, 'MemoryInfo': {'SizeInMiB': 48}}], 'TotalGpuMemoryInMiB': 48}"
2x_L40S_SECURE,L40S,2.0,24.0,124.0,SE,1.72,1.72,EU-SE-1,"{'Gpus': [{'Name': 'L40S', 'Manufacturer': 'Nvidia', 'Count': 2, 'MemoryInfo': {'SizeInMiB': 48}}], 'TotalGpuMemoryInMiB': 96}"
1x_RTX2000-Ada_SECURE,RTX2000-Ada,1.0,6.0,31.0,RO,0.24,0.24,EU-RO-1,"{'Gpus': [{'Name': 'RTX 2000 Ada', 'Manufacturer': 'Nvidia', 'Count': 1, 'MemoryInfo': {'SizeInMiB': 16}}], 'TotalGpuMemoryInMiB': 16}"
1x_RTX3090_SECURE,RTX3090,1.0,4.0,25.0,CA,0.46,0.46,CA-MTL-1,"{'Gpus': [{'Name': 'RTX 3090', 'Manufacturer': 'Nvidia', 'Count': 1, 'MemoryInfo': {'SizeInMiB': 24}}], 'TotalGpuMemoryInMiB': 24}"
1x_RTX3090_SECURE,RTX3090,1.0,4.0,25.0,CA,0.46,0.46,CA-MTL-2,"{'Gpus': [{'Name': 'RTX 3090', 'Manufacturer': 'Nvidia', 'Count': 1, 'MemoryInfo': {'SizeInMiB': 24}}], 'TotalGpuMemoryInMiB': 24}"
1x_RTX3090_SECURE,RTX3090,1.0,4.0,25.0,CA,0.46,0.46,CA-MTL-3,"{'Gpus': [{'Name': 'RTX 3090', 'Manufacturer': 'Nvidia', 'Count': 1, 'MemoryInfo': {'SizeInMiB': 24}}], 'TotalGpuMemoryInMiB': 24}"
1x_RTX3090_SECURE,RTX3090,1.0,4.0,25.0,CZ,0.46,0.46,EU-CZ-1,"{'Gpus': [{'Name': 'RTX 3090', 'Manufacturer': 'Nvidia', 'Count': 1, 'MemoryInfo': {'SizeInMiB': 24}}], 'TotalGpuMemoryInMiB': 24}"
1x_RTX3090_SECURE,RTX3090,1.0,4.0,25.0,SE,0.46,0.46,EU-SE-1,"{'Gpus': [{'Name': 'RTX 3090', 'Manufacturer': 'Nvidia', 'Count': 1, 'MemoryInfo': {'SizeInMiB': 24}}], 'TotalGpuMemoryInMiB': 24}"
1x_RTX3090_SECURE,RTX3090,1.0,4.0,25.0,US,0.46,0.46,US-CA-1,"{'Gpus': [{'Name': 'RTX 3090', 'Manufacturer': 'Nvidia', 'Count': 1, 'MemoryInfo': {'SizeInMiB': 24}}], 'TotalGpuMemoryInMiB': 24}"
1x_RTX3090_SECURE,RTX3090,1.0,4.0,25.0,US,0.46,0.46,US-CA-2,"{'Gpus': [{'Name': 'RTX 3090', 'Manufacturer': 'Nvidia', 'Count': 1, 'MemoryInfo': {'SizeInMiB': 24}}], 'TotalGpuMemoryInMiB': 24}"
1x_RTX3090_SECURE,RTX3090,1.0,4.0,25.0,US,0.46,0.46,US-DE-1,"{'Gpus': [{'Name': 'RTX 3090', 'Manufacturer': 'Nvidia', 'Count': 1, 'MemoryInfo': {'SizeInMiB': 24}}], 'TotalGpuMemoryInMiB': 24}"
1x_RTX3090_SECURE,RTX3090,1.0,4.0,25.0,US,0.46,0.46,US-GA-1,"{'Gpus': [{'Name': 'RTX 3090', 'Manufacturer': 'Nvidia', 'Count': 1, 'MemoryInfo': {'SizeInMiB': 24}}], 'TotalGpuMemoryInMiB': 24}"
1x_RTX3090_SECURE,RTX3090,1.0,4.0,25.0,US,0.46,0.46,US-GA-2,"{'Gpus': [{'Name': 'RTX 3090', 'Manufacturer': 'Nvidia', 'Count': 1, 'MemoryInfo': {'SizeInMiB': 24}}], 'TotalGpuMemoryInMiB': 24}"
1x_RTX3090_SECURE,RTX3090,1.0,4.0,25.0,US,0.46,0.46,US-IL-1,"{'Gpus': [{'Name': 'RTX 3090', 'Manufacturer': 'Nvidia', 'Count': 1, 'MemoryInfo': {'SizeInMiB': 24}}], 'TotalGpuMemoryInMiB': 24}"
1x_RTX3090_SECURE,RTX3090,1.0,4.0,25.0,US,0.46,0.46,US-KS-1,"{'Gpus': [{'Name': 'RTX 3090', 'Manufacturer': 'Nvidia', 'Count': 1, 'MemoryInfo': {'SizeInMiB': 24}}], 'TotalGpuMemoryInMiB': 24}"
1x_RTX3090_SECURE,RTX3090,1.0,4.0,25.0,US,0.46,0.46,US-KS-2,"{'Gpus': [{'Name': 'RTX 3090', 'Manufacturer': 'Nvidia', 'Count': 1, 'MemoryInfo': {'SizeInMiB': 24}}], 'TotalGpuMemoryInMiB': 24}"
1x_RTX3090_SECURE,RTX3090,1.0,4.0,25.0,US,0.46,0.46,US-NC-1,"{'Gpus': [{'Name': 'RTX 3090', 'Manufacturer': 'Nvidia', 'Count': 1, 'MemoryInfo': {'SizeInMiB': 24}}], 'TotalGpuMemoryInMiB': 24}"
1x_RTX3090_SECURE,RTX3090,1.0,4.0,25.0,US,0.46,0.46,US-TX-1,"{'Gpus': [{'Name': 'RTX 3090', 'Manufacturer': 'Nvidia', 'Count': 1, 'MemoryInfo': {'SizeInMiB': 24}}], 'TotalGpuMemoryInMiB': 24}"
1x_RTX3090_SECURE,RTX3090,1.0,4.0,25.0,US,0.46,0.46,US-TX-2,"{'Gpus': [{'Name': 'RTX 3090', 'Manufacturer': 'Nvidia', 'Count': 1, 'MemoryInfo': {'SizeInMiB': 24}}], 'TotalGpuMemoryInMiB': 24}"
1x_RTX3090_SECURE,RTX3090,1.0,4.0,25.0,US,0.46,0.46,US-TX-3,"{'Gpus': [{'Name': 'RTX 3090', 'Manufacturer': 'Nvidia', 'Count': 1, 'MemoryInfo': {'SizeInMiB': 24}}], 'TotalGpuMemoryInMiB': 24}"
1x_RTX3090_SECURE,RTX3090,1.0,4.0,25.0,US,0.46,0.46,US-TX-4,"{'Gpus': [{'Name': 'RTX 3090', 'Manufacturer': 'Nvidia', 'Count': 1, 'MemoryInfo': {'SizeInMiB': 24}}], 'TotalGpuMemoryInMiB': 24}"
1x_RTX3090_SECURE,RTX3090,1.0,4.0,25.0,US,0.46,0.46,US-WA-1,"{'Gpus': [{'Name': 'RTX 3090', 'Manufacturer': 'Nvidia', 'Count': 1, 'MemoryInfo': {'SizeInMiB': 24}}], 'TotalGpuMemoryInMiB': 24}"
2x_RTX3090_SECURE,RTX3090,2.0,8.0,50.0,CA,0.92,0.92,CA-MTL-1,"{'Gpus': [{'Name': 'RTX 3090', 'Manufacturer': 'Nvidia', 'Count': 2, 'MemoryInfo': {'SizeInMiB': 24}}], 'TotalGpuMemoryInMiB': 48}"
2x_RTX3090_SECURE,RTX3090,2.0,8.0,50.0,CA,0.92,0.92,CA-MTL-2,"{'Gpus': [{'Name': 'RTX 3090', 'Manufacturer': 'Nvidia', 'Count': 2, 'MemoryInfo': {'SizeInMiB': 24}}], 'TotalGpuMemoryInMiB': 48}"
2x_RTX3090_SECURE,RTX3090,2.0,8.0,50.0,CA,0.92,0.92,CA-MTL-3,"{'Gpus': [{'Name': 'RTX 3090', 'Manufacturer': 'Nvidia', 'Count': 2, 'MemoryInfo': {'SizeInMiB': 24}}], 'TotalGpuMemoryInMiB': 48}"
2x_RTX3090_SECURE,RTX3090,2.0,8.0,50.0,US,0.92,0.92,US-CA-1,"{'Gpus': [{'Name': 'RTX 3090', 'Manufacturer': 'Nvidia', 'Count': 2, 'MemoryInfo': {'SizeInMiB': 24}}], 'TotalGpuMemoryInMiB': 48}"
2x_RTX3090_SECURE,RTX3090,2.0,8.0,50.0,US,0.92,0.92,US-CA-2,"{'Gpus': [{'Name': 'RTX 3090', 'Manufacturer': 'Nvidia', 'Count': 2, 'MemoryInfo': {'SizeInMiB': 24}}], 'TotalGpuMemoryInMiB': 48}"
2x_RTX3090_SECURE,RTX3090,2.0,8.0,50.0,US,0.92,0.92,US-DE-1,"{'Gpus': [{'Name': 'RTX 3090', 'Manufacturer': 'Nvidia', 'Count': 2, 'MemoryInfo': {'SizeInMiB': 24}}], 'TotalGpuMemoryInMiB': 48}"
2x_RTX3090_SECURE,RTX3090,2.0,8.0,50.0,US,0.92,0.92,US-GA-1,"{'Gpus': [{'Name': 'RTX 3090', 'Manufacturer': 'Nvidia', 'Count': 2, 'MemoryInfo': {'SizeInMiB': 24}}], 'TotalGpuMemoryInMiB': 48}"
2x_RTX3090_SECURE,RTX3090,2.0,8.0,50.0,US,0.92,0.92,US-GA-2,"{'Gpus': [{'Name': 'RTX 3090', 'Manufacturer': 'Nvidia', 'Count': 2, 'MemoryInfo': {'SizeInMiB': 24}}], 'TotalGpuMemoryInMiB': 48}"
2x_RTX3090_SECURE,RTX3090,2.0,8.0,50.0,US,0.92,0.92,US-IL-1,"{'Gpus': [{'Name': 'RTX 3090', 'Manufacturer': 'Nvidia', 'Count': 2, 'MemoryInfo': {'SizeInMiB': 24}}], 'TotalGpuMemoryInMiB': 48}"
2x_RTX3090_SECURE,RTX3090,2.0,8.0,50.0,US,0.92,0.92,US-KS-1,"{'Gpus': [{'Name': 'RTX 3090', 'Manufacturer': 'Nvidia', 'Count': 2, 'MemoryInfo': {'SizeInMiB': 24}}], 'TotalGpuMemoryInMiB': 48}"
2x_RTX3090_SECURE,RTX3090,2.0,8.0,50.0,US,0.92,0.92,US-KS-2,"{'Gpus': [{'Name': 'RTX 3090', 'Manufacturer': 'Nvidia', 'Count': 2, 'MemoryInfo': {'SizeInMiB': 24}}], 'TotalGpuMemoryInMiB': 48}"
2x_RTX3090_SECURE,RTX3090,2.0,8.0,50.0,US,0.92,0.92,US-NC-1,"{'Gpus': [{'Name': 'RTX 3090', 'Manufacturer': 'Nvidia', 'Count': 2, 'MemoryInfo': {'SizeInMiB': 24}}], 'TotalGpuMemoryInMiB': 48}"
2x_RTX3090_SECURE,RTX3090,2.0,8.0,50.0,US,0.92,0.92,US-TX-1,"{'Gpus': [{'Name': 'RTX 3090', 'Manufacturer': 'Nvidia', 'Count': 2, 'MemoryInfo': {'SizeInMiB': 24}}], 'TotalGpuMemoryInMiB': 48}"
2x_RTX3090_SECURE,RTX3090,2.0,8.0,50.0,US,0.92,0.92,US-TX-2,"{'Gpus': [{'Name': 'RTX 3090', 'Manufacturer': 'Nvidia', 'Count': 2, 'MemoryInfo': {'SizeInMiB': 24}}], 'TotalGpuMemoryInMiB': 48}"
2x_RTX3090_SECURE,RTX3090,2.0,8.0,50.0,US,0.92,0.92,US-TX-3,"{'Gpus': [{'Name': 'RTX 3090', 'Manufacturer': 'Nvidia', 'Count': 2, 'MemoryInfo': {'SizeInMiB': 24}}], 'TotalGpuMemoryInMiB': 48}"
2x_RTX3090_SECURE,RTX3090,2.0,8.0,50.0,US,0.92,0.92,US-TX-4,"{'Gpus': [{'Name': 'RTX 3090', 'Manufacturer': 'Nvidia', 'Count': 2, 'MemoryInfo': {'SizeInMiB': 24}}], 'TotalGpuMemoryInMiB': 48}"
2x_RTX3090_SECURE,RTX3090,2.0,8.0,50.0,US,0.92,0.92,US-WA-1,"{'Gpus': [{'Name': 'RTX 3090', 'Manufacturer': 'Nvidia', 'Count': 2, 'MemoryInfo': {'SizeInMiB': 24}}], 'TotalGpuMemoryInMiB': 48}"
3x_RTX3090_SECURE,RTX3090,3.0,12.0,75.0,CA,1.38,1.38,CA-MTL-1,"{'Gpus': [{'Name': 'RTX 3090', 'Manufacturer': 'Nvidia', 'Count': 3, 'MemoryInfo': {'SizeInMiB': 24}}], 'TotalGpuMemoryInMiB': 72}"
3x_RTX3090_SECURE,RTX3090,3.0,12.0,75.0,CA,1.38,1.38,CA-MTL-2,"{'Gpus': [{'Name': 'RTX 3090', 'Manufacturer': 'Nvidia', 'Count': 3, 'MemoryInfo': {'SizeInMiB': 24}}], 'TotalGpuMemoryInMiB': 72}"
3x_RTX3090_SECURE,RTX3090,3.0,12.0,75.0,CA,1.38,1.38,CA-MTL-3,"{'Gpus': [{'Name': 'RTX 3090', 'Manufacturer': 'Nvidia', 'Count': 3, 'MemoryInfo': {'SizeInMiB': 24}}], 'TotalGpuMemoryInMiB': 72}"
4x_RTX3090_SECURE,RTX3090,4.0,16.0,100.0,CA,1.84,1.84,CA-MTL-1,"{'Gpus': [{'Name': 'RTX 3090', 'Manufacturer': 'Nvidia', 'Count': 4, 'MemoryInfo': {'SizeInMiB': 24}}], 'TotalGpuMemoryInMiB': 96}"
4x_RTX3090_SECURE,RTX3090,4.0,16.0,100.0,CA,1.84,1.84,CA-MTL-2,"{'Gpus': [{'Name': 'RTX 3090', 'Manufacturer': 'Nvidia', 'Count': 4, 'MemoryInfo': {'SizeInMiB': 24}}], 'TotalGpuMemoryInMiB': 96}"
4x_RTX3090_SECURE,RTX3090,4.0,16.0,100.0,CA,1.84,1.84,CA-MTL-3,"{'Gpus': [{'Name': 'RTX 3090', 'Manufacturer': 'Nvidia', 'Count': 4, 'MemoryInfo': {'SizeInMiB': 24}}], 'TotalGpuMemoryInMiB': 96}"
5x_RTX3090_SECURE,RTX3090,5.0,20.0,125.0,CA,2.3,2.3,CA-MTL-1,"{'Gpus': [{'Name': 'RTX 3090', 'Manufacturer': 'Nvidia', 'Count': 5, 'MemoryInfo': {'SizeInMiB': 24}}], 'TotalGpuMemoryInMiB': 120}"
5x_RTX3090_SECURE,RTX3090,5.0,20.0,125.0,CA,2.3,2.3,CA-MTL-2,"{'Gpus': [{'Name': 'RTX 3090', 'Manufacturer': 'Nvidia', 'Count': 5, 'MemoryInfo': {'SizeInMiB': 24}}], 'TotalGpuMemoryInMiB': 120}"
5x_RTX3090_SECURE,RTX3090,5.0,20.0,125.0,CA,2.3,2.3,CA-MTL-3,"{'Gpus': [{'Name': 'RTX 3090', 'Manufacturer': 'Nvidia', 'Count': 5, 'MemoryInfo': {'SizeInMiB': 24}}], 'TotalGpuMemoryInMiB': 120}"
6x_RTX3090_SECURE,RTX3090,6.0,24.0,150.0,CA,2.76,2.76,CA-MTL-1,"{'Gpus': [{'Name': 'RTX 3090', 'Manufacturer': 'Nvidia', 'Count': 6, 'MemoryInfo': {'SizeInMiB': 24}}], 'TotalGpuMemoryInMiB': 144}"
6x_RTX3090_SECURE,RTX3090,6.0,24.0,150.0,CA,2.76,2.76,CA-MTL-2,"{'Gpus': [{'Name': 'RTX 3090', 'Manufacturer': 'Nvidia', 'Count': 6, 'MemoryInfo': {'SizeInMiB': 24}}], 'TotalGpuMemoryInMiB': 144}"
6x_RTX3090_SECURE,RTX3090,6.0,24.0,150.0,CA,2.76,2.76,CA-MTL-3,"{'Gpus': [{'Name': 'RTX 3090', 'Manufacturer': 'Nvidia', 'Count': 6, 'MemoryInfo': {'SizeInMiB': 24}}], 'TotalGpuMemoryInMiB': 144}"
1x_RTX4000-Ada_SECURE,RTX4000-Ada,1.0,8.0,47.0,US,0.26,0.26,US-CA-1,"{'Gpus': [{'Name': 'RTX 4000 Ada', 'Manufacturer': 'Nvidia', 'Count': 1, 'MemoryInfo': {'SizeInMiB': 20}}], 'TotalGpuMemoryInMiB': 20}"
1x_RTX4000-Ada_SECURE,RTX4000-Ada,1.0,8.0,47.0,US,0.26,0.26,US-CA-2,"{'Gpus': [{'Name': 'RTX 4000 Ada', 'Manufacturer': 'Nvidia', 'Count': 1, 'MemoryInfo': {'SizeInMiB': 20}}], 'TotalGpuMemoryInMiB': 20}"
1x_RTX4000-Ada_SECURE,RTX4000-Ada,1.0,8.0,47.0,US,0.26,0.26,US-DE-1,"{'Gpus': [{'Name': 'RTX 4000 Ada', 'Manufacturer': 'Nvidia', 'Count': 1, 'MemoryInfo': {'SizeInMiB': 20}}], 'TotalGpuMemoryInMiB': 20}"
1x_RTX4000-Ada_SECURE,RTX4000-Ada,1.0,8.0,47.0,US,0.26,0.26,US-GA-1,"{'Gpus': [{'Name': 'RTX 4000 Ada', 'Manufacturer': 'Nvidia', 'Count': 1, 'MemoryInfo': {'SizeInMiB': 20}}], 'TotalGpuMemoryInMiB': 20}"
1x_RTX4000-Ada_SECURE,RTX4000-Ada,1.0,8.0,47.0,US,0.26,0.26,US-GA-2,"{'Gpus': [{'Name': 'RTX 4000 Ada', 'Manufacturer': 'Nvidia', 'Count': 1, 'MemoryInfo': {'SizeInMiB': 20}}], 'TotalGpuMemoryInMiB': 20}"
1x_RTX4000-Ada_SECURE,RTX4000-Ada,1.0,8.0,47.0,US,0.26,0.26,US-IL-1,"{'Gpus': [{'Name': 'RTX 4000 Ada', 'Manufacturer': 'Nvidia', 'Count': 1, 'MemoryInfo': {'SizeInMiB': 20}}], 'TotalGpuMemoryInMiB': 20}"
1x_RTX4000-Ada_SECURE,RTX4000-Ada,1.0,8.0,47.0,US,0.26,0.26,US-KS-1,"{'Gpus': [{'Name': 'RTX 4000 Ada', 'Manufacturer': 'Nvidia', 'Count': 1, 'MemoryInfo': {'SizeInMiB': 20}}], 'TotalGpuMemoryInMiB': 20}"
1x_RTX4000-Ada_SECURE,RTX4000-Ada,1.0,8.0,47.0,US,0.26,0.26,US-KS-2,"{'Gpus': [{'Name': 'RTX 4000 Ada', 'Manufacturer': 'Nvidia', 'Count': 1, 'MemoryInfo': {'SizeInMiB': 20}}], 'TotalGpuMemoryInMiB': 20}"
1x_RTX4000-Ada_SECURE,RTX4000-Ada,1.0,8.0,47.0,US,0.26,0.26,US-NC-1,"{'Gpus': [{'Name': 'RTX 4000 Ada', 'Manufacturer': 'Nvidia', 'Count': 1, 'MemoryInfo': {'SizeInMiB': 20}}], 'TotalGpuMemoryInMiB': 20}"
1x_RTX4000-Ada_SECURE,RTX4000-Ada,1.0,8.0,47.0,US,0.26,0.26,US-TX-1,"{'Gpus': [{'Name': 'RTX 4000 Ada', 'Manufacturer': 'Nvidia', 'Count': 1, 'MemoryInfo': {'SizeInMiB': 20}}], 'TotalGpuMemoryInMiB': 20}"
1x_RTX4000-Ada_SECURE,RTX4000-Ada,1.0,8.0,47.0,US,0.26,0.26,US-TX-2,"{'Gpus': [{'Name': 'RTX 4000 Ada', 'Manufacturer': 'Nvidia', 'Count': 1, 'MemoryInfo': {'SizeInMiB': 20}}], 'TotalGpuMemoryInMiB': 20}"
1x_RTX4000-Ada_SECURE,RTX4000-Ada,1.0,8.0,47.0,US,0.26,0.26,US-TX-3,"{'Gpus': [{'Name': 'RTX 4000 Ada', 'Manufacturer': 'Nvidia', 'Count': 1, 'MemoryInfo': {'SizeInMiB': 20}}], 'TotalGpuMemoryInMiB': 20}"
1x_RTX4000-Ada_SECURE,RTX4000-Ada,1.0,8.0,47.0,US,0.26,0.26,US-TX-4,"{'Gpus': [{'Name': 'RTX 4000 Ada', 'Manufacturer': 'Nvidia', 'Count': 1, 'MemoryInfo': {'SizeInMiB': 20}}], 'TotalGpuMemoryInMiB': 20}"
1x_RTX4000-Ada_SECURE,RTX4000-Ada,1.0,8.0,47.0,US,0.26,0.26,US-WA-1,"{'Gpus': [{'Name': 'RTX 4000 Ada', 'Manufacturer': 'Nvidia', 'Count': 1, 'MemoryInfo': {'SizeInMiB': 20}}], 'TotalGpuMemoryInMiB': 20}"
2x_RTX4000-Ada_SECURE,RTX4000-Ada,2.0,16.0,94.0,US,0.52,0.52,US-CA-1,"{'Gpus': [{'Name': 'RTX 4000 Ada', 'Manufacturer': 'Nvidia', 'Count': 2, 'MemoryInfo': {'SizeInMiB': 20}}], 'TotalGpuMemoryInMiB': 40}"
2x_RTX4000-Ada_SECURE,RTX4000-Ada,2.0,16.0,94.0,US,0.52,0.52,US-CA-2,"{'Gpus': [{'Name': 'RTX 4000 Ada', 'Manufacturer': 'Nvidia', 'Count': 2, 'MemoryInfo': {'SizeInMiB': 20}}], 'TotalGpuMemoryInMiB': 40}"
2x_RTX4000-Ada_SECURE,RTX4000-Ada,2.0,16.0,94.0,US,0.52,0.52,US-DE-1,"{'Gpus': [{'Name': 'RTX 4000 Ada', 'Manufacturer': 'Nvidia', 'Count': 2, 'MemoryInfo': {'SizeInMiB': 20}}], 'TotalGpuMemoryInMiB': 40}"
2x_RTX4000-Ada_SECURE,RTX4000-Ada,2.0,16.0,94.0,US,0.52,0.52,US-GA-1,"{'Gpus': [{'Name': 'RTX 4000 Ada', 'Manufacturer': 'Nvidia', 'Count': 2, 'MemoryInfo': {'SizeInMiB': 20}}], 'TotalGpuMemoryInMiB': 40}"
2x_RTX4000-Ada_SECURE,RTX4000-Ada,2.0,16.0,94.0,US,0.52,0.52,US-GA-2,"{'Gpus': [{'Name': 'RTX 4000 Ada', 'Manufacturer': 'Nvidia', 'Count': 2, 'MemoryInfo': {'SizeInMiB': 20}}], 'TotalGpuMemoryInMiB': 40}"
2x_RTX4000-Ada_SECURE,RTX4000-Ada,2.0,16.0,94.0,US,0.52,0.52,US-IL-1,"{'Gpus': [{'Name': 'RTX 4000 Ada', 'Manufacturer': 'Nvidia', 'Count': 2, 'MemoryInfo': {'SizeInMiB': 20}}], 'TotalGpuMemoryInMiB': 40}"
2x_RTX4000-Ada_SECURE,RTX4000-Ada,2.0,16.0,94.0,US,0.52,0.52,US-KS-1,"{'Gpus': [{'Name': 'RTX 4000 Ada', 'Manufacturer': 'Nvidia', 'Count': 2, 'MemoryInfo': {'SizeInMiB': 20}}], 'TotalGpuMemoryInMiB': 40}"
2x_RTX4000-Ada_SECURE,RTX4000-Ada,2.0,16.0,94.0,US,0.52,0.52,US-KS-2,"{'Gpus': [{'Name': 'RTX 4000 Ada', 'Manufacturer': 'Nvidia', 'Count': 2, 'MemoryInfo': {'SizeInMiB': 20}}], 'TotalGpuMemoryInMiB': 40}"
2x_RTX4000-Ada_SECURE,RTX4000-Ada,2.0,16.0,94.0,US,0.52,0.52,US-NC-1,"{'Gpus': [{'Name': 'RTX 4000 Ada', 'Manufacturer': 'Nvidia', 'Count': 2, 'MemoryInfo': {'SizeInMiB': 20}}], 'TotalGpuMemoryInMiB': 40}"
2x_RTX4000-Ada_SECURE,RTX4000-Ada,2.0,16.0,94.0,US,0.52,0.52,US-TX-1,"{'Gpus': [{'Name': 'RTX 4000 Ada', 'Manufacturer': 'Nvidia', 'Count': 2, 'MemoryInfo': {'SizeInMiB': 20}}], 'TotalGpuMemoryInMiB': 40}"
2x_RTX4000-Ada_SECURE,RTX4000-Ada,2.0,16.0,94.0,US,0.52,0.52,US-TX-2,"{'Gpus': [{'Name': 'RTX 4000 Ada', 'Manufacturer': 'Nvidia', 'Count': 2, 'MemoryInfo': {'SizeInMiB': 20}}], 'TotalGpuMemoryInMiB': 40}"
2x_RTX4000-Ada_SECURE,RTX4000-Ada,2.0,16.0,94.0,US,0.52,0.52,US-TX-3,"{'Gpus': [{'Name': 'RTX 4000 Ada', 'Manufacturer': 'Nvidia', 'Count': 2, 'MemoryInfo': {'SizeInMiB': 20}}], 'TotalGpuMemoryInMiB': 40}"
2x_RTX4000-Ada_SECURE,RTX4000-Ada,2.0,16.0,94.0,US,0.52,0.52,US-TX-4,"{'Gpus': [{'Name': 'RTX 4000 Ada', 'Manufacturer': 'Nvidia', 'Count': 2, 'MemoryInfo': {'SizeInMiB': 20}}], 'TotalGpuMemoryInMiB': 40}"
2x_RTX4000-Ada_SECURE,RTX4000-Ada,2.0,16.0,94.0,US,0.52,0.52,US-WA-1,"{'Gpus': [{'Name': 'RTX 4000 Ada', 'Manufacturer': 'Nvidia', 'Count': 2, 'MemoryInfo': {'SizeInMiB': 20}}], 'TotalGpuMemoryInMiB': 40}"
3x_RTX4000-Ada_SECURE,RTX4000-Ada,3.0,24.0,141.0,US,0.78,0.78,US-CA-1,"{'Gpus': [{'Name': 'RTX 4000 Ada', 'Manufacturer': 'Nvidia', 'Count': 3, 'MemoryInfo': {'SizeInMiB': 20}}], 'TotalGpuMemoryInMiB': 60}"
3x_RTX4000-Ada_SECURE,RTX4000-Ada,3.0,24.0,141.0,US,0.78,0.78,US-CA-2,"{'Gpus': [{'Name': 'RTX 4000 Ada', 'Manufacturer': 'Nvidia', 'Count': 3, 'MemoryInfo': {'SizeInMiB': 20}}], 'TotalGpuMemoryInMiB': 60}"
3x_RTX4000-Ada_SECURE,RTX4000-Ada,3.0,24.0,141.0,US,0.78,0.78,US-DE-1,"{'Gpus': [{'Name': 'RTX 4000 Ada', 'Manufacturer': 'Nvidia', 'Count': 3, 'MemoryInfo': {'SizeInMiB': 20}}], 'TotalGpuMemoryInMiB': 60}"
3x_RTX4000-Ada_SECURE,RTX4000-Ada,3.0,24.0,141.0,US,0.78,0.78,US-GA-1,"{'Gpus': [{'Name': 'RTX 4000 Ada', 'Manufacturer': 'Nvidia', 'Count': 3, 'MemoryInfo': {'SizeInMiB': 20}}], 'TotalGpuMemoryInMiB': 60}"
3x_RTX4000-Ada_SECURE,RTX4000-Ada,3.0,24.0,141.0,US,0.78,0.78,US-GA-2,"{'Gpus': [{'Name': 'RTX 4000 Ada', 'Manufacturer': 'Nvidia', 'Count': 3, 'MemoryInfo': {'SizeInMiB': 20}}], 'TotalGpuMemoryInMiB': 60}"
3x_RTX4000-Ada_SECURE,RTX4000-Ada,3.0,24.0,141.0,US,0.78,0.78,US-IL-1,"{'Gpus': [{'Name': 'RTX 4000 Ada', 'Manufacturer': 'Nvidia', 'Count': 3, 'MemoryInfo': {'SizeInMiB': 20}}], 'TotalGpuMemoryInMiB': 60}"
3x_RTX4000-Ada_SECURE,RTX4000-Ada,3.0,24.0,141.0,US,0.78,0.78,US-KS-1,"{'Gpus': [{'Name': 'RTX 4000 Ada', 'Manufacturer': 'Nvidia', 'Count': 3, 'MemoryInfo': {'SizeInMiB': 20}}], 'TotalGpuMemoryInMiB': 60}"
3x_RTX4000-Ada_SECURE,RTX4000-Ada,3.0,24.0,141.0,US,0.78,0.78,US-KS-2,"{'Gpus': [{'Name': 'RTX 4000 Ada', 'Manufacturer': 'Nvidia', 'Count': 3, 'MemoryInfo': {'SizeInMiB': 20}}], 'TotalGpuMemoryInMiB': 60}"
3x_RTX4000-Ada_SECURE,RTX4000-Ada,3.0,24.0,141.0,US,0.78,0.78,US-NC-1,"{'Gpus': [{'Name': 'RTX 4000 Ada', 'Manufacturer': 'Nvidia', 'Count': 3, 'MemoryInfo': {'SizeInMiB': 20}}], 'TotalGpuMemoryInMiB': 60}"
3x_RTX4000-Ada_SECURE,RTX4000-Ada,3.0,24.0,141.0,US,0.78,0.78,US-TX-1,"{'Gpus': [{'Name': 'RTX 4000 Ada', 'Manufacturer': 'Nvidia', 'Count': 3, 'MemoryInfo': {'SizeInMiB': 20}}], 'TotalGpuMemoryInMiB': 60}"
3x_RTX4000-Ada_SECURE,RTX4000-Ada,3.0,24.0,141.0,US,0.78,0.78,US-TX-2,"{'Gpus': [{'Name': 'RTX 4000 Ada', 'Manufacturer': 'Nvidia', 'Count': 3, 'MemoryInfo': {'SizeInMiB': 20}}], 'TotalGpuMemoryInMiB': 60}"
3x_RTX4000-Ada_SECURE,RTX4000-Ada,3.0,24.0,141.0,US,0.78,0.78,US-TX-3,"{'Gpus': [{'Name': 'RTX 4000 Ada', 'Manufacturer': 'Nvidia', 'Count': 3, 'MemoryInfo': {'SizeInMiB': 20}}], 'TotalGpuMemoryInMiB': 60}"
3x_RTX4000-Ada_SECURE,RTX4000-Ada,3.0,24.0,141.0,US,0.78,0.78,US-TX-4,"{'Gpus': [{'Name': 'RTX 4000 Ada', 'Manufacturer': 'Nvidia', 'Count': 3, 'MemoryInfo': {'SizeInMiB': 20}}], 'TotalGpuMemoryInMiB': 60}"
3x_RTX4000-Ada_SECURE,RTX4000-Ada,3.0,24.0,141.0,US,0.78,0.78,US-WA-1,"{'Gpus': [{'Name': 'RTX 4000 Ada', 'Manufacturer': 'Nvidia', 'Count': 3, 'MemoryInfo': {'SizeInMiB': 20}}], 'TotalGpuMemoryInMiB': 60}"
4x_RTX4000-Ada_SECURE,RTX4000-Ada,4.0,32.0,188.0,US,1.04,1.04,US-CA-1,"{'Gpus': [{'Name': 'RTX 4000 Ada', 'Manufacturer': 'Nvidia', 'Count': 4, 'MemoryInfo': {'SizeInMiB': 20}}], 'TotalGpuMemoryInMiB': 80}"
4x_RTX4000-Ada_SECURE,RTX4000-Ada,4.0,32.0,188.0,US,1.04,1.04,US-CA-2,"{'Gpus': [{'Name': 'RTX 4000 Ada', 'Manufacturer': 'Nvidia', 'Count': 4, 'MemoryInfo': {'SizeInMiB': 20}}], 'TotalGpuMemoryInMiB': 80}"
4x_RTX4000-Ada_SECURE,RTX4000-Ada,4.0,32.0,188.0,US,1.04,1.04,US-DE-1,"{'Gpus': [{'Name': 'RTX 4000 Ada', 'Manufacturer': 'Nvidia', 'Count': 4, 'MemoryInfo': {'SizeInMiB': 20}}], 'TotalGpuMemoryInMiB': 80}"
4x_RTX4000-Ada_SECURE,RTX4000-Ada,4.0,32.0,188.0,US,1.04,1.04,US-GA-1,"{'Gpus': [{'Name': 'RTX 4000 Ada', 'Manufacturer': 'Nvidia', 'Count': 4, 'MemoryInfo': {'SizeInMiB': 20}}], 'TotalGpuMemoryInMiB': 80}"
4x_RTX4000-Ada_SECURE,RTX4000-Ada,4.0,32.0,188.0,US,1.04,1.04,US-GA-2,"{'Gpus': [{'Name': 'RTX 4000 Ada', 'Manufacturer': 'Nvidia', 'Count': 4, 'MemoryInfo': {'SizeInMiB': 20}}], 'TotalGpuMemoryInMiB': 80}"
4x_RTX4000-Ada_SECURE,RTX4000-Ada,4.0,32.0,188.0,US,1.04,1.04,US-IL-1,"{'Gpus': [{'Name': 'RTX 4000 Ada', 'Manufacturer': 'Nvidia', 'Count': 4, 'MemoryInfo': {'SizeInMiB': 20}}], 'TotalGpuMemoryInMiB': 80}"
4x_RTX4000-Ada_SECURE,RTX4000-Ada,4.0,32.0,188.0,US,1.04,1.04,US-KS-1,"{'Gpus': [{'Name': 'RTX 4000 Ada', 'Manufacturer': 'Nvidia', 'Count': 4, 'MemoryInfo': {'SizeInMiB': 20}}], 'TotalGpuMemoryInMiB': 80}"
4x_RTX4000-Ada_SECURE,RTX4000-Ada,4.0,32.0,188.0,US,1.04,1.04,US-KS-2,"{'Gpus': [{'Name': 'RTX 4000 Ada', 'Manufacturer': 'Nvidia', 'Count': 4, 'MemoryInfo': {'SizeInMiB': 20}}], 'TotalGpuMemoryInMiB': 80}"
4x_RTX4000-Ada_SECURE,RTX4000-Ada,4.0,32.0,188.0,US,1.04,1.04,US-NC-1,"{'Gpus': [{'Name': 'RTX 4000 Ada', 'Manufacturer': 'Nvidia', 'Count': 4, 'MemoryInfo': {'SizeInMiB': 20}}], 'TotalGpuMemoryInMiB': 80}"
4x_RTX4000-Ada_SECURE,RTX4000-Ada,4.0,32.0,188.0,US,1.04,1.04,US-TX-1,"{'Gpus': [{'Name': 'RTX 4000 Ada', 'Manufacturer': 'Nvidia', 'Count': 4, 'MemoryInfo': {'SizeInMiB': 20}}], 'TotalGpuMemoryInMiB': 80}"
4x_RTX4000-Ada_SECURE,RTX4000-Ada,4.0,32.0,188.0,US,1.04,1.04,US-TX-2,"{'Gpus': [{'Name': 'RTX 4000 Ada', 'Manufacturer': 'Nvidia', 'Count': 4, 'MemoryInfo': {'SizeInMiB': 20}}], 'TotalGpuMemoryInMiB': 80}"
4x_RTX4000-Ada_SECURE,RTX4000-Ada,4.0,32.0,188.0,US,1.04,1.04,US-TX-3,"{'Gpus': [{'Name': 'RTX 4000 Ada', 'Manufacturer': 'Nvidia', 'Count': 4, 'MemoryInfo': {'SizeInMiB': 20}}], 'TotalGpuMemoryInMiB': 80}"
4x_RTX4000-Ada_SECURE,RTX4000-Ada,4.0,32.0,188.0,US,1.04,1.04,US-TX-4,"{'Gpus': [{'Name': 'RTX 4000 Ada', 'Manufacturer': 'Nvidia', 'Count': 4, 'MemoryInfo': {'SizeInMiB': 20}}], 'TotalGpuMemoryInMiB': 80}"
4x_RTX4000-Ada_SECURE,RTX4000-Ada,4.0,32.0,188.0,US,1.04,1.04,US-WA-1,"{'Gpus': [{'Name': 'RTX 4000 Ada', 'Manufacturer': 'Nvidia', 'Count': 4, 'MemoryInfo': {'SizeInMiB': 20}}], 'TotalGpuMemoryInMiB': 80}"
5x_RTX4000-Ada_SECURE,RTX4000-Ada,5.0,40.0,235.0,US,1.3,1.3,US-CA-1,"{'Gpus': [{'Name': 'RTX 4000 Ada', 'Manufacturer': 'Nvidia', 'Count': 5, 'MemoryInfo': {'SizeInMiB': 20}}], 'TotalGpuMemoryInMiB': 100}"
5x_RTX4000-Ada_SECURE,RTX4000-Ada,5.0,40.0,235.0,US,1.3,1.3,US-CA-2,"{'Gpus': [{'Name': 'RTX 4000 Ada', 'Manufacturer': 'Nvidia', 'Count': 5, 'MemoryInfo': {'SizeInMiB': 20}}], 'TotalGpuMemoryInMiB': 100}"
5x_RTX4000-Ada_SECURE,RTX4000-Ada,5.0,40.0,235.0,US,1.3,1.3,US-DE-1,"{'Gpus': [{'Name': 'RTX 4000 Ada', 'Manufacturer': 'Nvidia', 'Count': 5, 'MemoryInfo': {'SizeInMiB': 20}}], 'TotalGpuMemoryInMiB': 100}"
5x_RTX4000-Ada_SECURE,RTX4000-Ada,5.0,40.0,235.0,US,1.3,1.3,US-GA-1,"{'Gpus': [{'Name': 'RTX 4000 Ada', 'Manufacturer': 'Nvidia', 'Count': 5, 'MemoryInfo': {'SizeInMiB': 20}}], 'TotalGpuMemoryInMiB': 100}"
5x_RTX4000-Ada_SECURE,RTX4000-Ada,5.0,40.0,235.0,US,1.3,1.3,US-GA-2,"{'Gpus': [{'Name': 'RTX 4000 Ada', 'Manufacturer': 'Nvidia', 'Count': 5, 'MemoryInfo': {'SizeInMiB': 20}}], 'TotalGpuMemoryInMiB': 100}"
5x_RTX4000-Ada_SECURE,RTX4000-Ada,5.0,40.0,235.0,US,1.3,1.3,US-IL-1,"{'Gpus': [{'Name': 'RTX 4000 Ada', 'Manufacturer': 'Nvidia', 'Count': 5, 'MemoryInfo': {'SizeInMiB': 20}}], 'TotalGpuMemoryInMiB': 100}"
5x_RTX4000-Ada_SECURE,RTX4000-Ada,5.0,40.0,235.0,US,1.3,1.3,US-KS-1,"{'Gpus': [{'Name': 'RTX 4000 Ada', 'Manufacturer': 'Nvidia', 'Count': 5, 'MemoryInfo': {'SizeInMiB': 20}}], 'TotalGpuMemoryInMiB': 100}"
5x_RTX4000-Ada_SECURE,RTX4000-Ada,5.0,40.0,235.0,US,1.3,1.3,US-KS-2,"{'Gpus': [{'Name': 'RTX 4000 Ada', 'Manufacturer': 'Nvidia', 'Count': 5, 'MemoryInfo': {'SizeInMiB': 20}}], 'TotalGpuMemoryInMiB': 100}"
5x_RTX4000-Ada_SECURE,RTX4000-Ada,5.0,40.0,235.0,US,1.3,1.3,US-NC-1,"{'Gpus': [{'Name': 'RTX 4000 Ada', 'Manufacturer': 'Nvidia', 'Count': 5, 'MemoryInfo': {'SizeInMiB': 20}}], 'TotalGpuMemoryInMiB': 100}"
5x_RTX4000-Ada_SECURE,RTX4000-Ada,5.0,40.0,235.0,US,1.3,1.3,US-TX-1,"{'Gpus': [{'Name': 'RTX 4000 Ada', 'Manufacturer': 'Nvidia', 'Count': 5, 'MemoryInfo': {'SizeInMiB': 20}}], 'TotalGpuMemoryInMiB': 100}"
5x_RTX4000-Ada_SECURE,RTX4000-Ada,5.0,40.0,235.0,US,1.3,1.3,US-TX-2,"{'Gpus': [{'Name': 'RTX 4000 Ada', 'Manufacturer': 'Nvidia', 'Count': 5, 'MemoryInfo': {'SizeInMiB': 20}}], 'TotalGpuMemoryInMiB': 100}"
5x_RTX4000-Ada_SECURE,RTX4000-Ada,5.0,40.0,235.0,US,1.3,1.3,US-TX-3,"{'Gpus': [{'Name': 'RTX 4000 Ada', 'Manufacturer': 'Nvidia', 'Count': 5, 'MemoryInfo': {'SizeInMiB': 20}}], 'TotalGpuMemoryInMiB': 100}"
5x_RTX4000-Ada_SECURE,RTX4000-Ada,5.0,40.0,235.0,US,1.3,1.3,US-TX-4,"{'Gpus': [{'Name': 'RTX 4000 Ada', 'Manufacturer': 'Nvidia', 'Count': 5, 'MemoryInfo': {'SizeInMiB': 20}}], 'TotalGpuMemoryInMiB': 100}"
5x_RTX4000-Ada_SECURE,RTX4000-Ada,5.0,40.0,235.0,US,1.3,1.3,US-WA-1,"{'Gpus': [{'Name': 'RTX 4000 Ada', 'Manufacturer': 'Nvidia', 'Count': 5, 'MemoryInfo': {'SizeInMiB': 20}}], 'TotalGpuMemoryInMiB': 100}"
6x_RTX4000-Ada_SECURE,RTX4000-Ada,6.0,48.0,282.0,US,1.56,1.56,US-CA-1,"{'Gpus': [{'Name': 'RTX 4000 Ada', 'Manufacturer': 'Nvidia', 'Count': 6, 'MemoryInfo': {'SizeInMiB': 20}}], 'TotalGpuMemoryInMiB': 120}"
6x_RTX4000-Ada_SECURE,RTX4000-Ada,6.0,48.0,282.0,US,1.56,1.56,US-CA-2,"{'Gpus': [{'Name': 'RTX 4000 Ada', 'Manufacturer': 'Nvidia', 'Count': 6, 'MemoryInfo': {'SizeInMiB': 20}}], 'TotalGpuMemoryInMiB': 120}"
6x_RTX4000-Ada_SECURE,RTX4000-Ada,6.0,48.0,282.0,US,1.56,1.56,US-DE-1,"{'Gpus': [{'Name': 'RTX 4000 Ada', 'Manufacturer': 'Nvidia', 'Count': 6, 'MemoryInfo': {'SizeInMiB': 20}}], 'TotalGpuMemoryInMiB': 120}"
6x_RTX4000-Ada_SECURE,RTX4000-Ada,6.0,48.0,282.0,US,1.56,1.56,US-GA-1,"{'Gpus': [{'Name': 'RTX 4000 Ada', 'Manufacturer': 'Nvidia', 'Count': 6, 'MemoryInfo': {'SizeInMiB': 20}}], 'TotalGpuMemoryInMiB': 120}"
6x_RTX4000-Ada_SECURE,RTX4000-Ada,6.0,48.0,282.0,US,1.56,1.56,US-GA-2,"{'Gpus': [{'Name': 'RTX 4000 Ada', 'Manufacturer': 'Nvidia', 'Count': 6, 'MemoryInfo': {'SizeInMiB': 20}}], 'TotalGpuMemoryInMiB': 120}"
6x_RTX4000-Ada_SECURE,RTX4000-Ada,6.0,48.0,282.0,US,1.56,1.56,US-IL-1,"{'Gpus': [{'Name': 'RTX 4000 Ada', 'Manufacturer': 'Nvidia', 'Count': 6, 'MemoryInfo': {'SizeInMiB': 20}}], 'TotalGpuMemoryInMiB': 120}"
6x_RTX4000-Ada_SECURE,RTX4000-Ada,6.0,48.0,282.0,US,1.56,1.56,US-KS-1,"{'Gpus': [{'Name': 'RTX 4000 Ada', 'Manufacturer': 'Nvidia', 'Count': 6, 'MemoryInfo': {'SizeInMiB': 20}}], 'TotalGpuMemoryInMiB': 120}"
6x_RTX4000-Ada_SECURE,RTX4000-Ada,6.0,48.0,282.0,US,1.56,1.56,US-KS-2,"{'Gpus': [{'Name': 'RTX 4000 Ada', 'Manufacturer': 'Nvidia', 'Count': 6, 'MemoryInfo': {'SizeInMiB': 20}}], 'TotalGpuMemoryInMiB': 120}"
6x_RTX4000-Ada_SECURE,RTX4000-Ada,6.0,48.0,282.0,US,1.56,1.56,US-NC-1,"{'Gpus': [{'Name': 'RTX 4000 Ada', 'Manufacturer': 'Nvidia', 'Count': 6, 'MemoryInfo': {'SizeInMiB': 20}}], 'TotalGpuMemoryInMiB': 120}"
6x_RTX4000-Ada_SECURE,RTX4000-Ada,6.0,48.0,282.0,US,1.56,1.56,US-TX-1,"{'Gpus': [{'Name': 'RTX 4000 Ada', 'Manufacturer': 'Nvidia', 'Count': 6, 'MemoryInfo': {'SizeInMiB': 20}}], 'TotalGpuMemoryInMiB': 120}"
6x_RTX4000-Ada_SECURE,RTX4000-Ada,6.0,48.0,282.0,US,1.56,1.56,US-TX-2,"{'Gpus': [{'Name': 'RTX 4000 Ada', 'Manufacturer': 'Nvidia', 'Count': 6, 'MemoryInfo': {'SizeInMiB': 20}}], 'TotalGpuMemoryInMiB': 120}"
6x_RTX4000-Ada_SECURE,RTX4000-Ada,6.0,48.0,282.0,US,1.56,1.56,US-TX-3,"{'Gpus': [{'Name': 'RTX 4000 Ada', 'Manufacturer': 'Nvidia', 'Count': 6, 'MemoryInfo': {'SizeInMiB': 20}}], 'TotalGpuMemoryInMiB': 120}"
6x_RTX4000-Ada_SECURE,RTX4000-Ada,6.0,48.0,282.0,US,1.56,1.56,US-TX-4,"{'Gpus': [{'Name': 'RTX 4000 Ada', 'Manufacturer': 'Nvidia', 'Count': 6, 'MemoryInfo': {'SizeInMiB': 20}}], 'TotalGpuMemoryInMiB': 120}"
6x_RTX4000-Ada_SECURE,RTX4000-Ada,6.0,48.0,282.0,US,1.56,1.56,US-WA-1,"{'Gpus': [{'Name': 'RTX 4000 Ada', 'Manufacturer': 'Nvidia', 'Count': 6, 'MemoryInfo': {'SizeInMiB': 20}}], 'TotalGpuMemoryInMiB': 120}"
7x_RTX4000-Ada_SECURE,RTX4000-Ada,7.0,56.0,329.0,US,1.82,1.82,US-CA-1,"{'Gpus': [{'Name': 'RTX 4000 Ada', 'Manufacturer': 'Nvidia', 'Count': 7, 'MemoryInfo': {'SizeInMiB': 20}}], 'TotalGpuMemoryInMiB': 140}"
7x_RTX4000-Ada_SECURE,RTX4000-Ada,7.0,56.0,329.0,US,1.82,1.82,US-CA-2,"{'Gpus': [{'Name': 'RTX 4000 Ada', 'Manufacturer': 'Nvidia', 'Count': 7, 'MemoryInfo': {'SizeInMiB': 20}}], 'TotalGpuMemoryInMiB': 140}"
7x_RTX4000-Ada_SECURE,RTX4000-Ada,7.0,56.0,329.0,US,1.82,1.82,US-DE-1,"{'Gpus': [{'Name': 'RTX 4000 Ada', 'Manufacturer': 'Nvidia', 'Count': 7, 'MemoryInfo': {'SizeInMiB': 20}}], 'TotalGpuMemoryInMiB': 140}"
7x_RTX4000-Ada_SECURE,RTX4000-Ada,7.0,56.0,329.0,US,1.82,1.82,US-GA-1,"{'Gpus': [{'Name': 'RTX 4000 Ada', 'Manufacturer': 'Nvidia', 'Count': 7, 'MemoryInfo': {'SizeInMiB': 20}}], 'TotalGpuMemoryInMiB': 140}"
7x_RTX4000-Ada_SECURE,RTX4000-Ada,7.0,56.0,329.0,US,1.82,1.82,US-GA-2,"{'Gpus': [{'Name': 'RTX 4000 Ada', 'Manufacturer': 'Nvidia', 'Count': 7, 'MemoryInfo': {'SizeInMiB': 20}}], 'TotalGpuMemoryInMiB': 140}"
7x_RTX4000-Ada_SECURE,RTX4000-Ada,7.0,56.0,329.0,US,1.82,1.82,US-IL-1,"{'Gpus': [{'Name': 'RTX 4000 Ada', 'Manufacturer': 'Nvidia', 'Count': 7, 'MemoryInfo': {'SizeInMiB': 20}}], 'TotalGpuMemoryInMiB': 140}"
7x_RTX4000-Ada_SECURE,RTX4000-Ada,7.0,56.0,329.0,US,1.82,1.82,US-KS-1,"{'Gpus': [{'Name': 'RTX 4000 Ada', 'Manufacturer': 'Nvidia', 'Count': 7, 'MemoryInfo': {'SizeInMiB': 20}}], 'TotalGpuMemoryInMiB': 140}"
7x_RTX4000-Ada_SECURE,RTX4000-Ada,7.0,56.0,329.0,US,1.82,1.82,US-KS-2,"{'Gpus': [{'Name': 'RTX 4000 Ada', 'Manufacturer': 'Nvidia', 'Count': 7, 'MemoryInfo': {'SizeInMiB': 20}}], 'TotalGpuMemoryInMiB': 140}"
7x_RTX4000-Ada_SECURE,RTX4000-Ada,7.0,56.0,329.0,US,1.82,1.82,US-NC-1,"{'Gpus': [{'Name': 'RTX 4000 Ada', 'Manufacturer': 'Nvidia', 'Count': 7, 'MemoryInfo': {'SizeInMiB': 20}}], 'TotalGpuMemoryInMiB': 140}"
7x_RTX4000-Ada_SECURE,RTX4000-Ada,7.0,56.0,329.0,US,1.82,1.82,US-TX-1,"{'Gpus': [{'Name': 'RTX 4000 Ada', 'Manufacturer': 'Nvidia', 'Count': 7, 'MemoryInfo': {'SizeInMiB': 20}}], 'TotalGpuMemoryInMiB': 140}"
7x_RTX4000-Ada_SECURE,RTX4000-Ada,7.0,56.0,329.0,US,1.82,1.82,US-TX-2,"{'Gpus': [{'Name': 'RTX 4000 Ada', 'Manufacturer': 'Nvidia', 'Count': 7, 'MemoryInfo': {'SizeInMiB': 20}}], 'TotalGpuMemoryInMiB': 140}"
7x_RTX4000-Ada_SECURE,RTX4000-Ada,7.0,56.0,329.0,US,1.82,1.82,US-TX-3,"{'Gpus': [{'Name': 'RTX 4000 Ada', 'Manufacturer': 'Nvidia', 'Count': 7, 'MemoryInfo': {'SizeInMiB': 20}}], 'TotalGpuMemoryInMiB': 140}"
7x_RTX4000-Ada_SECURE,RTX4000-Ada,7.0,56.0,329.0,US,1.82,1.82,US-TX-4,"{'Gpus': [{'Name': 'RTX 4000 Ada', 'Manufacturer': 'Nvidia', 'Count': 7, 'MemoryInfo': {'SizeInMiB': 20}}], 'TotalGpuMemoryInMiB': 140}"
7x_RTX4000-Ada_SECURE,RTX4000-Ada,7.0,56.0,329.0,US,1.82,1.82,US-WA-1,"{'Gpus': [{'Name': 'RTX 4000 Ada', 'Manufacturer': 'Nvidia', 'Count': 7, 'MemoryInfo': {'SizeInMiB': 20}}], 'TotalGpuMemoryInMiB': 140}"
1x_RTX4090_SECURE,RTX4090,1.0,5.0,29.0,CA,0.69,0.69,CA-MTL-1,"{'Gpus': [{'Name': 'RTX 4090', 'Manufacturer': 'Nvidia', 'Count': 1, 'MemoryInfo': {'SizeInMiB': 24}}], 'TotalGpuMemoryInMiB': 24}"
1x_RTX4090_SECURE,RTX4090,1.0,5.0,29.0,CA,0.69,0.69,CA-MTL-2,"{'Gpus': [{'Name': 'RTX 4090', 'Manufacturer': 'Nvidia', 'Count': 1, 'MemoryInfo': {'SizeInMiB': 24}}], 'TotalGpuMemoryInMiB': 24}"
1x_RTX4090_SECURE,RTX4090,1.0,5.0,29.0,CA,0.69,0.69,CA-MTL-3,"{'Gpus': [{'Name': 'RTX 4090', 'Manufacturer': 'Nvidia', 'Count': 1, 'MemoryInfo': {'SizeInMiB': 24}}], 'TotalGpuMemoryInMiB': 24}"
1x_RTX4090_SECURE,RTX4090,1.0,5.0,29.0,CZ,0.69,0.69,EU-CZ-1,"{'Gpus': [{'Name': 'RTX 4090', 'Manufacturer': 'Nvidia', 'Count': 1, 'MemoryInfo': {'SizeInMiB': 24}}], 'TotalGpuMemoryInMiB': 24}"
1x_RTX4090_SECURE,RTX4090,1.0,5.0,29.0,RO,0.69,0.69,EU-RO-1,"{'Gpus': [{'Name': 'RTX 4090', 'Manufacturer': 'Nvidia', 'Count': 1, 'MemoryInfo': {'SizeInMiB': 24}}], 'TotalGpuMemoryInMiB': 24}"
1x_RTX4090_SECURE,RTX4090,1.0,5.0,29.0,US,0.69,0.69,US-CA-1,"{'Gpus': [{'Name': 'RTX 4090', 'Manufacturer': 'Nvidia', 'Count': 1, 'MemoryInfo': {'SizeInMiB': 24}}], 'TotalGpuMemoryInMiB': 24}"
1x_RTX4090_SECURE,RTX4090,1.0,5.0,29.0,US,0.69,0.69,US-CA-2,"{'Gpus': [{'Name': 'RTX 4090', 'Manufacturer': 'Nvidia', 'Count': 1, 'MemoryInfo': {'SizeInMiB': 24}}], 'TotalGpuMemoryInMiB': 24}"
1x_RTX4090_SECURE,RTX4090,1.0,5.0,29.0,US,0.69,0.69,US-DE-1,"{'Gpus': [{'Name': 'RTX 4090', 'Manufacturer': 'Nvidia', 'Count': 1, 'MemoryInfo': {'SizeInMiB': 24}}], 'TotalGpuMemoryInMiB': 24}"
1x_RTX4090_SECURE,RTX4090,1.0,5.0,29.0,US,0.69,0.69,US-GA-1,"{'Gpus': [{'Name': 'RTX 4090', 'Manufacturer': 'Nvidia', 'Count': 1, 'MemoryInfo': {'SizeInMiB': 24}}], 'TotalGpuMemoryInMiB': 24}"
1x_RTX4090_SECURE,RTX4090,1.0,5.0,29.0,US,0.69,0.69,US-GA-2,"{'Gpus': [{'Name': 'RTX 4090', 'Manufacturer': 'Nvidia', 'Count': 1, 'MemoryInfo': {'SizeInMiB': 24}}], 'TotalGpuMemoryInMiB': 24}"
1x_RTX4090_SECURE,RTX4090,1.0,5.0,29.0,US,0.69,0.69,US-IL-1,"{'Gpus': [{'Name': 'RTX 4090', 'Manufacturer': 'Nvidia', 'Count': 1, 'MemoryInfo': {'SizeInMiB': 24}}], 'TotalGpuMemoryInMiB': 24}"
1x_RTX4090_SECURE,RTX4090,1.0,5.0,29.0,US,0.69,0.69,US-KS-1,"{'Gpus': [{'Name': 'RTX 4090', 'Manufacturer': 'Nvidia', 'Count': 1, 'MemoryInfo': {'SizeInMiB': 24}}], 'TotalGpuMemoryInMiB': 24}"
1x_RTX4090_SECURE,RTX4090,1.0,5.0,29.0,US,0.69,0.69,US-KS-2,"{'Gpus': [{'Name': 'RTX 4090', 'Manufacturer': 'Nvidia', 'Count': 1, 'MemoryInfo': {'SizeInMiB': 24}}], 'TotalGpuMemoryInMiB': 24}"
1x_RTX4090_SECURE,RTX4090,1.0,5.0,29.0,US,0.69,0.69,US-NC-1,"{'Gpus': [{'Name': 'RTX 4090', 'Manufacturer': 'Nvidia', 'Count': 1, 'MemoryInfo': {'SizeInMiB': 24}}], 'TotalGpuMemoryInMiB': 24}"
1x_RTX4090_SECURE,RTX4090,1.0,5.0,29.0,US,0.69,0.69,US-TX-1,"{'Gpus': [{'Name': 'RTX 4090', 'Manufacturer': 'Nvidia', 'Count': 1, 'MemoryInfo': {'SizeInMiB': 24}}], 'TotalGpuMemoryInMiB': 24}"
1x_RTX4090_SECURE,RTX4090,1.0,5.0,29.0,US,0.69,0.69,US-TX-2,"{'Gpus': [{'Name': 'RTX 4090', 'Manufacturer': 'Nvidia', 'Count': 1, 'MemoryInfo': {'SizeInMiB': 24}}], 'TotalGpuMemoryInMiB': 24}"
1x_RTX4090_SECURE,RTX4090,1.0,5.0,29.0,US,0.69,0.69,US-TX-3,"{'Gpus': [{'Name': 'RTX 4090', 'Manufacturer': 'Nvidia', 'Count': 1, 'MemoryInfo': {'SizeInMiB': 24}}], 'TotalGpuMemoryInMiB': 24}"
1x_RTX4090_SECURE,RTX4090,1.0,5.0,29.0,US,0.69,0.69,US-TX-4,"{'Gpus': [{'Name': 'RTX 4090', 'Manufacturer': 'Nvidia', 'Count': 1, 'MemoryInfo': {'SizeInMiB': 24}}], 'TotalGpuMemoryInMiB': 24}"
1x_RTX4090_SECURE,RTX4090,1.0,5.0,29.0,US,0.69,0.69,US-WA-1,"{'Gpus': [{'Name': 'RTX 4090', 'Manufacturer': 'Nvidia', 'Count': 1, 'MemoryInfo': {'SizeInMiB': 24}}], 'TotalGpuMemoryInMiB': 24}"
2x_RTX4090_SECURE,RTX4090,2.0,10.0,58.0,CA,1.38,1.38,CA-MTL-1,"{'Gpus': [{'Name': 'RTX 4090', 'Manufacturer': 'Nvidia', 'Count': 2, 'MemoryInfo': {'SizeInMiB': 24}}], 'TotalGpuMemoryInMiB': 48}"
2x_RTX4090_SECURE,RTX4090,2.0,10.0,58.0,CA,1.38,1.38,CA-MTL-2,"{'Gpus': [{'Name': 'RTX 4090', 'Manufacturer': 'Nvidia', 'Count': 2, 'MemoryInfo': {'SizeInMiB': 24}}], 'TotalGpuMemoryInMiB': 48}"
2x_RTX4090_SECURE,RTX4090,2.0,10.0,58.0,CA,1.38,1.38,CA-MTL-3,"{'Gpus': [{'Name': 'RTX 4090', 'Manufacturer': 'Nvidia', 'Count': 2, 'MemoryInfo': {'SizeInMiB': 24}}], 'TotalGpuMemoryInMiB': 48}"
2x_RTX4090_SECURE,RTX4090,2.0,10.0,58.0,CZ,1.38,1.38,EU-CZ-1,"{'Gpus': [{'Name': 'RTX 4090', 'Manufacturer': 'Nvidia', 'Count': 2, 'MemoryInfo': {'SizeInMiB': 24}}], 'TotalGpuMemoryInMiB': 48}"
2x_RTX4090_SECURE,RTX4090,2.0,10.0,58.0,US,1.38,1.38,US-CA-1,"{'Gpus': [{'Name': 'RTX 4090', 'Manufacturer': 'Nvidia', 'Count': 2, 'MemoryInfo': {'SizeInMiB': 24}}], 'TotalGpuMemoryInMiB': 48}"
2x_RTX4090_SECURE,RTX4090,2.0,10.0,58.0,US,1.38,1.38,US-CA-2,"{'Gpus': [{'Name': 'RTX 4090', 'Manufacturer': 'Nvidia', 'Count': 2, 'MemoryInfo': {'SizeInMiB': 24}}], 'TotalGpuMemoryInMiB': 48}"
2x_RTX4090_SECURE,RTX4090,2.0,10.0,58.0,US,1.38,1.38,US-DE-1,"{'Gpus': [{'Name': 'RTX 4090', 'Manufacturer': 'Nvidia', 'Count': 2, 'MemoryInfo': {'SizeInMiB': 24}}], 'TotalGpuMemoryInMiB': 48}"
2x_RTX4090_SECURE,RTX4090,2.0,10.0,58.0,US,1.38,1.38,US-GA-1,"{'Gpus': [{'Name': 'RTX 4090', 'Manufacturer': 'Nvidia', 'Count': 2, 'MemoryInfo': {'SizeInMiB': 24}}], 'TotalGpuMemoryInMiB': 48}"
2x_RTX4090_SECURE,RTX4090,2.0,10.0,58.0,US,1.38,1.38,US-GA-2,"{'Gpus': [{'Name': 'RTX 4090', 'Manufacturer': 'Nvidia', 'Count': 2, 'MemoryInfo': {'SizeInMiB': 24}}], 'TotalGpuMemoryInMiB': 48}"
2x_RTX4090_SECURE,RTX4090,2.0,10.0,58.0,US,1.38,1.38,US-IL-1,"{'Gpus': [{'Name': 'RTX 4090', 'Manufacturer': 'Nvidia', 'Count': 2, 'MemoryInfo': {'SizeInMiB': 24}}], 'TotalGpuMemoryInMiB': 48}"
2x_RTX4090_SECURE,RTX4090,2.0,10.0,58.0,US,1.38,1.38,US-KS-1,"{'Gpus': [{'Name': 'RTX 4090', 'Manufacturer': 'Nvidia', 'Count': 2, 'MemoryInfo': {'SizeInMiB': 24}}], 'TotalGpuMemoryInMiB': 48}"
2x_RTX4090_SECURE,RTX4090,2.0,10.0,58.0,US,1.38,1.38,US-KS-2,"{'Gpus': [{'Name': 'RTX 4090', 'Manufacturer': 'Nvidia', 'Count': 2, 'MemoryInfo': {'SizeInMiB': 24}}], 'TotalGpuMemoryInMiB': 48}"
2x_RTX4090_SECURE,RTX4090,2.0,10.0,58.0,US,1.38,1.38,US-NC-1,"{'Gpus': [{'Name': 'RTX 4090', 'Manufacturer': 'Nvidia', 'Count': 2, 'MemoryInfo': {'SizeInMiB': 24}}], 'TotalGpuMemoryInMiB': 48}"
2x_RTX4090_SECURE,RTX4090,2.0,10.0,58.0,US,1.38,1.38,US-TX-1,"{'Gpus': [{'Name': 'RTX 4090', 'Manufacturer': 'Nvidia', 'Count': 2, 'MemoryInfo': {'SizeInMiB': 24}}], 'TotalGpuMemoryInMiB': 48}"
2x_RTX4090_SECURE,RTX4090,2.0,10.0,58.0,US,1.38,1.38,US-TX-2,"{'Gpus': [{'Name': 'RTX 4090', 'Manufacturer': 'Nvidia', 'Count': 2, 'MemoryInfo': {'SizeInMiB': 24}}], 'TotalGpuMemoryInMiB': 48}"
2x_RTX4090_SECURE,RTX4090,2.0,10.0,58.0,US,1.38,1.38,US-TX-3,"{'Gpus': [{'Name': 'RTX 4090', 'Manufacturer': 'Nvidia', 'Count': 2, 'MemoryInfo': {'SizeInMiB': 24}}], 'TotalGpuMemoryInMiB': 48}"
2x_RTX4090_SECURE,RTX4090,2.0,10.0,58.0,US,1.38,1.38,US-TX-4,"{'Gpus': [{'Name': 'RTX 4090', 'Manufacturer': 'Nvidia', 'Count': 2, 'MemoryInfo': {'SizeInMiB': 24}}], 'TotalGpuMemoryInMiB': 48}"
2x_RTX4090_SECURE,RTX4090,2.0,10.0,58.0,US,1.38,1.38,US-WA-1,"{'Gpus': [{'Name': 'RTX 4090', 'Manufacturer': 'Nvidia', 'Count': 2, 'MemoryInfo': {'SizeInMiB': 24}}], 'TotalGpuMemoryInMiB': 48}"
3x_RTX4090_SECURE,RTX4090,3.0,15.0,87.0,CA,2.07,2.07,CA-MTL-1,"{'Gpus': [{'Name': 'RTX 4090', 'Manufacturer': 'Nvidia', 'Count': 3, 'MemoryInfo': {'SizeInMiB': 24}}], 'TotalGpuMemoryInMiB': 72}"
3x_RTX4090_SECURE,RTX4090,3.0,15.0,87.0,CA,2.07,2.07,CA-MTL-2,"{'Gpus': [{'Name': 'RTX 4090', 'Manufacturer': 'Nvidia', 'Count': 3, 'MemoryInfo': {'SizeInMiB': 24}}], 'TotalGpuMemoryInMiB': 72}"
3x_RTX4090_SECURE,RTX4090,3.0,15.0,87.0,CA,2.07,2.07,CA-MTL-3,"{'Gpus': [{'Name': 'RTX 4090', 'Manufacturer': 'Nvidia', 'Count': 3, 'MemoryInfo': {'SizeInMiB': 24}}], 'TotalGpuMemoryInMiB': 72}"
3x_RTX4090_SECURE,RTX4090,3.0,15.0,87.0,US,2.07,2.07,US-CA-1,"{'Gpus': [{'Name': 'RTX 4090', 'Manufacturer': 'Nvidia', 'Count': 3, 'MemoryInfo': {'SizeInMiB': 24}}], 'TotalGpuMemoryInMiB': 72}"
3x_RTX4090_SECURE,RTX4090,3.0,15.0,87.0,US,2.07,2.07,US-CA-2,"{'Gpus': [{'Name': 'RTX 4090', 'Manufacturer': 'Nvidia', 'Count': 3, 'MemoryInfo': {'SizeInMiB': 24}}], 'TotalGpuMemoryInMiB': 72}"
3x_RTX4090_SECURE,RTX4090,3.0,15.0,87.0,US,2.07,2.07,US-DE-1,"{'Gpus': [{'Name': 'RTX 4090', 'Manufacturer': 'Nvidia', 'Count': 3, 'MemoryInfo': {'SizeInMiB': 24}}], 'TotalGpuMemoryInMiB': 72}"
3x_RTX4090_SECURE,RTX4090,3.0,15.0,87.0,US,2.07,2.07,US-GA-1,"{'Gpus': [{'Name': 'RTX 4090', 'Manufacturer': 'Nvidia', 'Count': 3, 'MemoryInfo': {'SizeInMiB': 24}}], 'TotalGpuMemoryInMiB': 72}"
3x_RTX4090_SECURE,RTX4090,3.0,15.0,87.0,US,2.07,2.07,US-GA-2,"{'Gpus': [{'Name': 'RTX 4090', 'Manufacturer': 'Nvidia', 'Count': 3, 'MemoryInfo': {'SizeInMiB': 24}}], 'TotalGpuMemoryInMiB': 72}"
3x_RTX4090_SECURE,RTX4090,3.0,15.0,87.0,US,2.07,2.07,US-IL-1,"{'Gpus': [{'Name': 'RTX 4090', 'Manufacturer': 'Nvidia', 'Count': 3, 'MemoryInfo': {'SizeInMiB': 24}}], 'TotalGpuMemoryInMiB': 72}"
3x_RTX4090_SECURE,RTX4090,3.0,15.0,87.0,US,2.07,2.07,US-KS-1,"{'Gpus': [{'Name': 'RTX 4090', 'Manufacturer': 'Nvidia', 'Count': 3, 'MemoryInfo': {'SizeInMiB': 24}}], 'TotalGpuMemoryInMiB': 72}"
3x_RTX4090_SECURE,RTX4090,3.0,15.0,87.0,US,2.07,2.07,US-KS-2,"{'Gpus': [{'Name': 'RTX 4090', 'Manufacturer': 'Nvidia', 'Count': 3, 'MemoryInfo': {'SizeInMiB': 24}}], 'TotalGpuMemoryInMiB': 72}"
3x_RTX4090_SECURE,RTX4090,3.0,15.0,87.0,US,2.07,2.07,US-NC-1,"{'Gpus': [{'Name': 'RTX 4090', 'Manufacturer': 'Nvidia', 'Count': 3, 'MemoryInfo': {'SizeInMiB': 24}}], 'TotalGpuMemoryInMiB': 72}"
3x_RTX4090_SECURE,RTX4090,3.0,15.0,87.0,US,2.07,2.07,US-TX-1,"{'Gpus': [{'Name': 'RTX 4090', 'Manufacturer': 'Nvidia', 'Count': 3, 'MemoryInfo': {'SizeInMiB': 24}}], 'TotalGpuMemoryInMiB': 72}"
3x_RTX4090_SECURE,RTX4090,3.0,15.0,87.0,US,2.07,2.07,US-TX-2,"{'Gpus': [{'Name': 'RTX 4090', 'Manufacturer': 'Nvidia', 'Count': 3, 'MemoryInfo': {'SizeInMiB': 24}}], 'TotalGpuMemoryInMiB': 72}"
3x_RTX4090_SECURE,RTX4090,3.0,15.0,87.0,US,2.07,2.07,US-TX-3,"{'Gpus': [{'Name': 'RTX 4090', 'Manufacturer': 'Nvidia', 'Count': 3, 'MemoryInfo': {'SizeInMiB': 24}}], 'TotalGpuMemoryInMiB': 72}"
3x_RTX4090_SECURE,RTX4090,3.0,15.0,87.0,US,2.07,2.07,US-TX-4,"{'Gpus': [{'Name': 'RTX 4090', 'Manufacturer': 'Nvidia', 'Count': 3, 'MemoryInfo': {'SizeInMiB': 24}}], 'TotalGpuMemoryInMiB': 72}"
3x_RTX4090_SECURE,RTX4090,3.0,15.0,87.0,US,2.07,2.07,US-WA-1,"{'Gpus': [{'Name': 'RTX 4090', 'Manufacturer': 'Nvidia', 'Count': 3, 'MemoryInfo': {'SizeInMiB': 24}}], 'TotalGpuMemoryInMiB': 72}"
4x_RTX4090_SECURE,RTX4090,4.0,20.0,116.0,CA,2.76,2.76,CA-MTL-1,"{'Gpus': [{'Name': 'RTX 4090', 'Manufacturer': 'Nvidia', 'Count': 4, 'MemoryInfo': {'SizeInMiB': 24}}], 'TotalGpuMemoryInMiB': 96}"
4x_RTX4090_SECURE,RTX4090,4.0,20.0,116.0,CA,2.76,2.76,CA-MTL-2,"{'Gpus': [{'Name': 'RTX 4090', 'Manufacturer': 'Nvidia', 'Count': 4, 'MemoryInfo': {'SizeInMiB': 24}}], 'TotalGpuMemoryInMiB': 96}"
4x_RTX4090_SECURE,RTX4090,4.0,20.0,116.0,CA,2.76,2.76,CA-MTL-3,"{'Gpus': [{'Name': 'RTX 4090', 'Manufacturer': 'Nvidia', 'Count': 4, 'MemoryInfo': {'SizeInMiB': 24}}], 'TotalGpuMemoryInMiB': 96}"
5x_RTX4090_SECURE,RTX4090,5.0,25.0,145.0,CA,3.45,3.45,CA-MTL-1,"{'Gpus': [{'Name': 'RTX 4090', 'Manufacturer': 'Nvidia', 'Count': 5, 'MemoryInfo': {'SizeInMiB': 24}}], 'TotalGpuMemoryInMiB': 120}"
5x_RTX4090_SECURE,RTX4090,5.0,25.0,145.0,CA,3.45,3.45,CA-MTL-2,"{'Gpus': [{'Name': 'RTX 4090', 'Manufacturer': 'Nvidia', 'Count': 5, 'MemoryInfo': {'SizeInMiB': 24}}], 'TotalGpuMemoryInMiB': 120}"
5x_RTX4090_SECURE,RTX4090,5.0,25.0,145.0,CA,3.45,3.45,CA-MTL-3,"{'Gpus': [{'Name': 'RTX 4090', 'Manufacturer': 'Nvidia', 'Count': 5, 'MemoryInfo': {'SizeInMiB': 24}}], 'TotalGpuMemoryInMiB': 120}"
6x_RTX4090_SECURE,RTX4090,6.0,30.0,174.0,CA,4.14,4.14,CA-MTL-1,"{'Gpus': [{'Name': 'RTX 4090', 'Manufacturer': 'Nvidia', 'Count': 6, 'MemoryInfo': {'SizeInMiB': 24}}], 'TotalGpuMemoryInMiB': 144}"
6x_RTX4090_SECURE,RTX4090,6.0,30.0,174.0,CA,4.14,4.14,CA-MTL-2,"{'Gpus': [{'Name': 'RTX 4090', 'Manufacturer': 'Nvidia', 'Count': 6, 'MemoryInfo': {'SizeInMiB': 24}}], 'TotalGpuMemoryInMiB': 144}"
6x_RTX4090_SECURE,RTX4090,6.0,30.0,174.0,CA,4.14,4.14,CA-MTL-3,"{'Gpus': [{'Name': 'RTX 4090', 'Manufacturer': 'Nvidia', 'Count': 6, 'MemoryInfo': {'SizeInMiB': 24}}], 'TotalGpuMemoryInMiB': 144}"
1x_RTX5090_SECURE,RTX5090,1.0,6.0,46.0,US,0.99,0.99,US-CA-1,"{'Gpus': [{'Name': 'RTX 5090', 'Manufacturer': 'Nvidia', 'Count': 1, 'MemoryInfo': {'SizeInMiB': 32}}], 'TotalGpuMemoryInMiB': 32}"
1x_RTX5090_SECURE,RTX5090,1.0,6.0,46.0,US,0.99,0.99,US-CA-2,"{'Gpus': [{'Name': 'RTX 5090', 'Manufacturer': 'Nvidia', 'Count': 1, 'MemoryInfo': {'SizeInMiB': 32}}], 'TotalGpuMemoryInMiB': 32}"
1x_RTX5090_SECURE,RTX5090,1.0,6.0,46.0,US,0.99,0.99,US-DE-1,"{'Gpus': [{'Name': 'RTX 5090', 'Manufacturer': 'Nvidia', 'Count': 1, 'MemoryInfo': {'SizeInMiB': 32}}], 'TotalGpuMemoryInMiB': 32}"
1x_RTX5090_SECURE,RTX5090,1.0,6.0,46.0,US,0.99,0.99,US-GA-1,"{'Gpus': [{'Name': 'RTX 5090', 'Manufacturer': 'Nvidia', 'Count': 1, 'MemoryInfo': {'SizeInMiB': 32}}], 'TotalGpuMemoryInMiB': 32}"
1x_RTX5090_SECURE,RTX5090,1.0,6.0,46.0,US,0.99,0.99,US-GA-2,"{'Gpus': [{'Name': 'RTX 5090', 'Manufacturer': 'Nvidia', 'Count': 1, 'MemoryInfo': {'SizeInMiB': 32}}], 'TotalGpuMemoryInMiB': 32}"
1x_RTX5090_SECURE,RTX5090,1.0,6.0,46.0,US,0.99,0.99,US-IL-1,"{'Gpus': [{'Name': 'RTX 5090', 'Manufacturer': 'Nvidia', 'Count': 1, 'MemoryInfo': {'SizeInMiB': 32}}], 'TotalGpuMemoryInMiB': 32}"
1x_RTX5090_SECURE,RTX5090,1.0,6.0,46.0,US,0.99,0.99,US-KS-1,"{'Gpus': [{'Name': 'RTX 5090', 'Manufacturer': 'Nvidia', 'Count': 1, 'MemoryInfo': {'SizeInMiB': 32}}], 'TotalGpuMemoryInMiB': 32}"
1x_RTX5090_SECURE,RTX5090,1.0,6.0,46.0,US,0.99,0.99,US-KS-2,"{'Gpus': [{'Name': 'RTX 5090', 'Manufacturer': 'Nvidia', 'Count': 1, 'MemoryInfo': {'SizeInMiB': 32}}], 'TotalGpuMemoryInMiB': 32}"
1x_RTX5090_SECURE,RTX5090,1.0,6.0,46.0,US,0.99,0.99,US-NC-1,"{'Gpus': [{'Name': 'RTX 5090', 'Manufacturer': 'Nvidia', 'Count': 1, 'MemoryInfo': {'SizeInMiB': 32}}], 'TotalGpuMemoryInMiB': 32}"
1x_RTX5090_SECURE,RTX5090,1.0,6.0,46.0,US,0.99,0.99,US-TX-1,"{'Gpus': [{'Name': 'RTX 5090', 'Manufacturer': 'Nvidia', 'Count': 1, 'MemoryInfo': {'SizeInMiB': 32}}], 'TotalGpuMemoryInMiB': 32}"
1x_RTX5090_SECURE,RTX5090,1.0,6.0,46.0,US,0.99,0.99,US-TX-2,"{'Gpus': [{'Name': 'RTX 5090', 'Manufacturer': 'Nvidia', 'Count': 1, 'MemoryInfo': {'SizeInMiB': 32}}], 'TotalGpuMemoryInMiB': 32}"
1x_RTX5090_SECURE,RTX5090,1.0,6.0,46.0,US,0.99,0.99,US-TX-3,"{'Gpus': [{'Name': 'RTX 5090', 'Manufacturer': 'Nvidia', 'Count': 1, 'MemoryInfo': {'SizeInMiB': 32}}], 'TotalGpuMemoryInMiB': 32}"
1x_RTX5090_SECURE,RTX5090,1.0,6.0,46.0,US,0.99,0.99,US-TX-4,"{'Gpus': [{'Name': 'RTX 5090', 'Manufacturer': 'Nvidia', 'Count': 1, 'MemoryInfo': {'SizeInMiB': 32}}], 'TotalGpuMemoryInMiB': 32}"
1x_RTX5090_SECURE,RTX5090,1.0,6.0,46.0,US,0.99,0.99,US-WA-1,"{'Gpus': [{'Name': 'RTX 5090', 'Manufacturer': 'Nvidia', 'Count': 1, 'MemoryInfo': {'SizeInMiB': 32}}], 'TotalGpuMemoryInMiB': 32}"
1x_RTXA4000_SECURE,RTXA4000,1.0,6.0,35.0,CZ,0.25,0.25,EU-CZ-1,"{'Gpus': [{'Name': 'RTX A4000', 'Manufacturer': 'Nvidia', 'Count': 1, 'MemoryInfo': {'SizeInMiB': 16}}], 'TotalGpuMemoryInMiB': 16}"
1x_RTXA4000_SECURE,RTXA4000,1.0,6.0,35.0,SE,0.25,0.25,EU-SE-1,"{'Gpus': [{'Name': 'RTX A4000', 'Manufacturer': 'Nvidia', 'Count': 1, 'MemoryInfo': {'SizeInMiB': 16}}], 'TotalGpuMemoryInMiB': 16}"
2x_RTXA4000_SECURE,RTXA4000,2.0,12.0,70.0,SE,0.5,0.5,EU-SE-1,"{'Gpus': [{'Name': 'RTX A4000', 'Manufacturer': 'Nvidia', 'Count': 2, 'MemoryInfo': {'SizeInMiB': 16}}], 'TotalGpuMemoryInMiB': 32}"
1x_RTXA5000_SECURE,RTXA5000,1.0,3.0,25.0,SE,0.27,0.27,EU-SE-1,"{'Gpus': [{'Name': 'RTX A5000', 'Manufacturer': 'Nvidia', 'Count': 1, 'MemoryInfo': {'SizeInMiB': 24}}], 'TotalGpuMemoryInMiB': 24}"
1x_RTXA6000_SECURE,RTXA6000,1.0,8.0,50.0,US,0.49,0.49,US-CA-1,"{'Gpus': [{'Name': 'RTX A6000', 'Manufacturer': 'Nvidia', 'Count': 1, 'MemoryInfo': {'SizeInMiB': 48}}], 'TotalGpuMemoryInMiB': 48}"
1x_RTXA6000_SECURE,RTXA6000,1.0,8.0,50.0,US,0.49,0.49,US-CA-2,"{'Gpus': [{'Name': 'RTX A6000', 'Manufacturer': 'Nvidia', 'Count': 1, 'MemoryInfo': {'SizeInMiB': 48}}], 'TotalGpuMemoryInMiB': 48}"
1x_RTXA6000_SECURE,RTXA6000,1.0,8.0,50.0,US,0.49,0.49,US-DE-1,"{'Gpus': [{'Name': 'RTX A6000', 'Manufacturer': 'Nvidia', 'Count': 1, 'MemoryInfo': {'SizeInMiB': 48}}], 'TotalGpuMemoryInMiB': 48}"
1x_RTXA6000_SECURE,RTXA6000,1.0,8.0,50.0,US,0.49,0.49,US-GA-1,"{'Gpus': [{'Name': 'RTX A6000', 'Manufacturer': 'Nvidia', 'Count': 1, 'MemoryInfo': {'SizeInMiB': 48}}], 'TotalGpuMemoryInMiB': 48}"
1x_RTXA6000_SECURE,RTXA6000,1.0,8.0,50.0,US,0.49,0.49,US-GA-2,"{'Gpus': [{'Name': 'RTX A6000', 'Manufacturer': 'Nvidia', 'Count': 1, 'MemoryInfo': {'SizeInMiB': 48}}], 'TotalGpuMemoryInMiB': 48}"
1x_RTXA6000_SECURE,RTXA6000,1.0,8.0,50.0,US,0.49,0.49,US-IL-1,"{'Gpus': [{'Name': 'RTX A6000', 'Manufacturer': 'Nvidia', 'Count': 1, 'MemoryInfo': {'SizeInMiB': 48}}], 'TotalGpuMemoryInMiB': 48}"
1x_RTXA6000_SECURE,RTXA6000,1.0,8.0,50.0,US,0.49,0.49,US-KS-1,"{'Gpus': [{'Name': 'RTX A6000', 'Manufacturer': 'Nvidia', 'Count': 1, 'MemoryInfo': {'SizeInMiB': 48}}], 'TotalGpuMemoryInMiB': 48}"
1x_RTXA6000_SECURE,RTXA6000,1.0,8.0,50.0,US,0.49,0.49,US-KS-2,"{'Gpus': [{'Name': 'RTX A6000', 'Manufacturer': 'Nvidia', 'Count': 1, 'MemoryInfo': {'SizeInMiB': 48}}], 'TotalGpuMemoryInMiB': 48}"
1x_RTXA6000_SECURE,RTXA6000,1.0,8.0,50.0,US,0.49,0.49,US-NC-1,"{'Gpus': [{'Name': 'RTX A6000', 'Manufacturer': 'Nvidia', 'Count': 1, 'MemoryInfo': {'SizeInMiB': 48}}], 'TotalGpuMemoryInMiB': 48}"
1x_RTXA6000_SECURE,RTXA6000,1.0,8.0,50.0,US,0.49,0.49,US-TX-1,"{'Gpus': [{'Name': 'RTX A6000', 'Manufacturer': 'Nvidia', 'Count': 1, 'MemoryInfo': {'SizeInMiB': 48}}], 'TotalGpuMemoryInMiB': 48}"
1x_RTXA6000_SECURE,RTXA6000,1.0,8.0,50.0,US,0.49,0.49,US-TX-2,"{'Gpus': [{'Name': 'RTX A6000', 'Manufacturer': 'Nvidia', 'Count': 1, 'MemoryInfo': {'SizeInMiB': 48}}], 'TotalGpuMemoryInMiB': 48}"
1x_RTXA6000_SECURE,RTXA6000,1.0,8.0,50.0,US,0.49,0.49,US-TX-3,"{'Gpus': [{'Name': 'RTX A6000', 'Manufacturer': 'Nvidia', 'Count': 1, 'MemoryInfo': {'SizeInMiB': 48}}], 'TotalGpuMemoryInMiB': 48}"
1x_RTXA6000_SECURE,RTXA6000,1.0,8.0,50.0,US,0.49,0.49,US-TX-4,"{'Gpus': [{'Name': 'RTX A6000', 'Manufacturer': 'Nvidia', 'Count': 1, 'MemoryInfo': {'SizeInMiB': 48}}], 'TotalGpuMemoryInMiB': 48}"
1x_RTXA6000_SECURE,RTXA6000,1.0,8.0,50.0,US,0.49,0.49,US-WA-1,"{'Gpus': [{'Name': 'RTX A6000', 'Manufacturer': 'Nvidia', 'Count': 1, 'MemoryInfo': {'SizeInMiB': 48}}], 'TotalGpuMemoryInMiB': 48}"
1x_RTXPRO4000_SECURE,RTXPRO4000,1.0,12.0,31.0,RO,,0.57,EU-RO-1,"{'Gpus': [{'Name': 'RTX PRO 4000', 'Manufacturer': 'Nvidia', 'Count': 1, 'MemoryInfo': {'SizeInMiB': 24}}], 'TotalGpuMemoryInMiB': 24}"
1x_RTXPRO4500_SECURE,RTXPRO4500,1.0,28.0,62.0,RO,0.64,0.74,EU-RO-1,"{'Gpus': [{'Name': 'RTX PRO 4500', 'Manufacturer': 'Nvidia', 'Count': 1, 'MemoryInfo': {'SizeInMiB': 32}}], 'TotalGpuMemoryInMiB': 32}"
cpu3c-16-32,,,16.0,32.0,CA,,0.48,CA-MTL-1,
cpu3c-16-32,,,16.0,32.0,CA,,0.48,CA-MTL-2,
cpu3c-16-32,,,16.0,32.0,CA,,0.48,CA-MTL-3,
cpu3c-16-32,,,16.0,32.0,CZ,,0.48,EU-CZ-1,
cpu3c-16-32,,,16.0,32.0,NL,,0.48,EU-NL-1,
cpu3c-16-32,,,16.0,32.0,RO,,0.48,EU-RO-1,
cpu3c-16-32,,,16.0,32.0,NO,,0.48,EU-SE-1,
cpu3c-16-32,,,16.0,32.0,SE,,0.48,EU-SE-1,
cpu3c-16-32,,,16.0,32.0,IS,,0.48,EUR-IS-1,
cpu3c-16-32,,,16.0,32.0,IS,,0.48,EUR-IS-2,
cpu3c-16-32,,,16.0,32.0,IS,,0.48,EUR-IS-3,
cpu3c-16-32,,,16.0,32.0,US,,0.48,US-CA-1,
cpu3c-16-32,,,16.0,32.0,US,,0.48,US-CA-2,
cpu3c-16-32,,,16.0,32.0,US,,0.48,US-DE-1,
cpu3c-16-32,,,16.0,32.0,US,,0.48,US-GA-1,
cpu3c-16-32,,,16.0,32.0,US,,0.48,US-GA-2,
cpu3c-16-32,,,16.0,32.0,US,,0.48,US-IL-1,
cpu3c-16-32,,,16.0,32.0,US,,0.48,US-KS-1,
cpu3c-16-32,,,16.0,32.0,US,,0.48,US-KS-2,
cpu3c-16-32,,,16.0,32.0,US,,0.48,US-NC-1,
cpu3c-16-32,,,16.0,32.0,US,,0.48,US-TX-1,
cpu3c-16-32,,,16.0,32.0,US,,0.48,US-TX-2,
cpu3c-16-32,,,16.0,32.0,US,,0.48,US-TX-3,
cpu3c-16-32,,,16.0,32.0,US,,0.48,US-TX-4,
cpu3c-16-32,,,16.0,32.0,US,,0.48,US-WA-1,
cpu3c-2-4,,,2.0,4.0,CA,,0.06,CA-MTL-1,
cpu3c-2-4,,,2.0,4.0,CA,,0.06,CA-MTL-2,
cpu3c-2-4,,,2.0,4.0,CA,,0.06,CA-MTL-3,
cpu3c-2-4,,,2.0,4.0,CZ,,0.06,EU-CZ-1,
cpu3c-2-4,,,2.0,4.0,NL,,0.06,EU-NL-1,
cpu3c-2-4,,,2.0,4.0,RO,,0.06,EU-RO-1,
cpu3c-2-4,,,2.0,4.0,NO,,0.06,EU-SE-1,
cpu3c-2-4,,,2.0,4.0,SE,,0.06,EU-SE-1,
cpu3c-2-4,,,2.0,4.0,IS,,0.06,EUR-IS-1,
cpu3c-2-4,,,2.0,4.0,IS,,0.06,EUR-IS-2,
cpu3c-2-4,,,2.0,4.0,IS,,0.06,EUR-IS-3,
cpu3c-2-4,,,2.0,4.0,US,,0.06,US-CA-1,
cpu3c-2-4,,,2.0,4.0,US,,0.06,US-CA-2,
cpu3c-2-4,,,2.0,4.0,US,,0.06,US-DE-1,
cpu3c-2-4,,,2.0,4.0,US,,0.06,US-GA-1,
cpu3c-2-4,,,2.0,4.0,US,,0.06,US-GA-2,
cpu3c-2-4,,,2.0,4.0,US,,0.06,US-IL-1,
cpu3c-2-4,,,2.0,4.0,US,,0.06,US-KS-1,
cpu3c-2-4,,,2.0,4.0,US,,0.06,US-KS-2,
cpu3c-2-4,,,2.0,4.0,US,,0.06,US-NC-1,
cpu3c-2-4,,,2.0,4.0,US,,0.06,US-TX-1,
cpu3c-2-4,,,2.0,4.0,US,,0.06,US-TX-2,
cpu3c-2-4,,,2.0,4.0,US,,0.06,US-TX-3,
cpu3c-2-4,,,2.0,4.0,US,,0.06,US-TX-4,
cpu3c-2-4,,,2.0,4.0,US,,0.06,US-WA-1,
cpu3c-32-64,,,32.0,64.0,CA,,0.96,CA-MTL-1,
cpu3c-32-64,,,32.0,64.0,CA,,0.96,CA-MTL-2,
cpu3c-32-64,,,32.0,64.0,CA,,0.96,CA-MTL-3,
cpu3c-32-64,,,32.0,64.0,CZ,,0.96,EU-CZ-1,
cpu3c-32-64,,,32.0,64.0,NL,,0.96,EU-NL-1,
cpu3c-32-64,,,32.0,64.0,RO,,0.96,EU-RO-1,
cpu3c-32-64,,,32.0,64.0,NO,,0.96,EU-SE-1,
cpu3c-32-64,,,32.0,64.0,SE,,0.96,EU-SE-1,
cpu3c-32-64,,,32.0,64.0,IS,,0.96,EUR-IS-1,
cpu3c-32-64,,,32.0,64.0,IS,,0.96,EUR-IS-2,
cpu3c-32-64,,,32.0,64.0,IS,,0.96,EUR-IS-3,
cpu3c-32-64,,,32.0,64.0,US,,0.96,US-CA-1,
cpu3c-32-64,,,32.0,64.0,US,,0.96,US-CA-2,
cpu3c-32-64,,,32.0,64.0,US,,0.96,US-DE-1,
cpu3c-32-64,,,32.0,64.0,US,,0.96,US-GA-1,
cpu3c-32-64,,,32.0,64.0,US,,0.96,US-GA-2,
cpu3c-32-64,,,32.0,64.0,US,,0.96,US-IL-1,
cpu3c-32-64,,,32.0,64.0,US,,0.96,US-KS-1,
cpu3c-32-64,,,32.0,64.0,US,,0.96,US-KS-2,
cpu3c-32-64,,,32.0,64.0,US,,0.96,US-NC-1,
cpu3c-32-64,,,32.0,64.0,US,,0.96,US-TX-1,
cpu3c-32-64,,,32.0,64.0,US,,0.96,US-TX-2,
cpu3c-32-64,,,32.0,64.0,US,,0.96,US-TX-3,
cpu3c-32-64,,,32.0,64.0,US,,0.96,US-TX-4,
cpu3c-32-64,,,32.0,64.0,US,,0.96,US-WA-1,
cpu3c-4-8,,,4.0,8.0,CA,,0.12,CA-MTL-1,
cpu3c-4-8,,,4.0,8.0,CA,,0.12,CA-MTL-2,
cpu3c-4-8,,,4.0,8.0,CA,,0.12,CA-MTL-3,
cpu3c-4-8,,,4.0,8.0,CZ,,0.12,EU-CZ-1,
cpu3c-4-8,,,4.0,8.0,NL,,0.12,EU-NL-1,
cpu3c-4-8,,,4.0,8.0,RO,,0.12,EU-RO-1,
cpu3c-4-8,,,4.0,8.0,NO,,0.12,EU-SE-1,
cpu3c-4-8,,,4.0,8.0,SE,,0.12,EU-SE-1,
cpu3c-4-8,,,4.0,8.0,IS,,0.12,EUR-IS-1,
cpu3c-4-8,,,4.0,8.0,IS,,0.12,EUR-IS-2,
cpu3c-4-8,,,4.0,8.0,IS,,0.12,EUR-IS-3,
cpu3c-4-8,,,4.0,8.0,US,,0.12,US-CA-1,
cpu3c-4-8,,,4.0,8.0,US,,0.12,US-CA-2,
cpu3c-4-8,,,4.0,8.0,US,,0.12,US-DE-1,
cpu3c-4-8,,,4.0,8.0,US,,0.12,US-GA-1,
cpu3c-4-8,,,4.0,8.0,US,,0.12,US-GA-2,
cpu3c-4-8,,,4.0,8.0,US,,0.12,US-IL-1,
cpu3c-4-8,,,4.0,8.0,US,,0.12,US-KS-1,
cpu3c-4-8,,,4.0,8.0,US,,0.12,US-KS-2,
cpu3c-4-8,,,4.0,8.0,US,,0.12,US-NC-1,
cpu3c-4-8,,,4.0,8.0,US,,0.12,US-TX-1,
cpu3c-4-8,,,4.0,8.0,US,,0.12,US-TX-2,
cpu3c-4-8,,,4.0,8.0,US,,0.12,US-TX-3,
cpu3c-4-8,,,4.0,8.0,US,,0.12,US-TX-4,
cpu3c-4-8,,,4.0,8.0,US,,0.12,US-WA-1,
cpu3c-8-16,,,8.0,16.0,CA,,0.24,CA-MTL-1,
cpu3c-8-16,,,8.0,16.0,CA,,0.24,CA-MTL-2,
cpu3c-8-16,,,8.0,16.0,CA,,0.24,CA-MTL-3,
cpu3c-8-16,,,8.0,16.0,CZ,,0.24,EU-CZ-1,
cpu3c-8-16,,,8.0,16.0,NL,,0.24,EU-NL-1,
cpu3c-8-16,,,8.0,16.0,RO,,0.24,EU-RO-1,
cpu3c-8-16,,,8.0,16.0,NO,,0.24,EU-SE-1,
cpu3c-8-16,,,8.0,16.0,SE,,0.24,EU-SE-1,
cpu3c-8-16,,,8.0,16.0,IS,,0.24,EUR-IS-1,
cpu3c-8-16,,,8.0,16.0,IS,,0.24,EUR-IS-2,
cpu3c-8-16,,,8.0,16.0,IS,,0.24,EUR-IS-3,
cpu3c-8-16,,,8.0,16.0,US,,0.24,US-CA-1,
cpu3c-8-16,,,8.0,16.0,US,,0.24,US-CA-2,
cpu3c-8-16,,,8.0,16.0,US,,0.24,US-DE-1,
cpu3c-8-16,,,8.0,16.0,US,,0.24,US-GA-1,
cpu3c-8-16,,,8.0,16.0,US,,0.24,US-GA-2,
cpu3c-8-16,,,8.0,16.0,US,,0.24,US-IL-1,
cpu3c-8-16,,,8.0,16.0,US,,0.24,US-KS-1,
cpu3c-8-16,,,8.0,16.0,US,,0.24,US-KS-2,
cpu3c-8-16,,,8.0,16.0,US,,0.24,US-NC-1,
cpu3c-8-16,,,8.0,16.0,US,,0.24,US-TX-1,
cpu3c-8-16,,,8.0,16.0,US,,0.24,US-TX-2,
cpu3c-8-16,,,8.0,16.0,US,,0.24,US-TX-3,
cpu3c-8-16,,,8.0,16.0,US,,0.24,US-TX-4,
cpu3c-8-16,,,8.0,16.0,US,,0.24,US-WA-1,
cpu3g-16-64,,,16.0,64.0,CA,,0.64,CA-MTL-1,
cpu3g-16-64,,,16.0,64.0,CA,,0.64,CA-MTL-2,
cpu3g-16-64,,,16.0,64.0,CA,,0.64,CA-MTL-3,
cpu3g-16-64,,,16.0,64.0,CZ,,0.64,EU-CZ-1,
cpu3g-16-64,,,16.0,64.0,NL,,0.64,EU-NL-1,
cpu3g-16-64,,,16.0,64.0,RO,,0.64,EU-RO-1,
cpu3g-16-64,,,16.0,64.0,NO,,0.64,EU-SE-1,
cpu3g-16-64,,,16.0,64.0,SE,,0.64,EU-SE-1,
cpu3g-16-64,,,16.0,64.0,IS,,0.64,EUR-IS-1,
cpu3g-16-64,,,16.0,64.0,IS,,0.64,EUR-IS-2,
cpu3g-16-64,,,16.0,64.0,IS,,0.64,EUR-IS-3,
cpu3g-16-64,,,16.0,64.0,US,,0.64,US-CA-1,
cpu3g-16-64,,,16.0,64.0,US,,0.64,US-CA-2,
cpu3g-16-64,,,16.0,64.0,US,,0.64,US-DE-1,
cpu3g-16-64,,,16.0,64.0,US,,0.64,US-GA-1,
cpu3g-16-64,,,16.0,64.0,US,,0.64,US-GA-2,
cpu3g-16-64,,,16.0,64.0,US,,0.64,US-IL-1,
cpu3g-16-64,,,16.0,64.0,US,,0.64,US-KS-1,
cpu3g-16-64,,,16.0,64.0,US,,0.64,US-KS-2,
cpu3g-16-64,,,16.0,64.0,US,,0.64,US-NC-1,
cpu3g-16-64,,,16.0,64.0,US,,0.64,US-TX-1,
cpu3g-16-64,,,16.0,64.0,US,,0.64,US-TX-2,
cpu3g-16-64,,,16.0,64.0,US,,0.64,US-TX-3,
cpu3g-16-64,,,16.0,64.0,US,,0.64,US-TX-4,
cpu3g-16-64,,,16.0,64.0,US,,0.64,US-WA-1,
cpu3g-2-8,,,2.0,8.0,CA,,0.08,CA-MTL-1,
cpu3g-2-8,,,2.0,8.0,CA,,0.08,CA-MTL-2,
cpu3g-2-8,,,2.0,8.0,CA,,0.08,CA-MTL-3,
cpu3g-2-8,,,2.0,8.0,CZ,,0.08,EU-CZ-1,
cpu3g-2-8,,,2.0,8.0,NL,,0.08,EU-NL-1,
cpu3g-2-8,,,2.0,8.0,RO,,0.08,EU-RO-1,
cpu3g-2-8,,,2.0,8.0,NO,,0.08,EU-SE-1,
cpu3g-2-8,,,2.0,8.0,SE,,0.08,EU-SE-1,
cpu3g-2-8,,,2.0,8.0,IS,,0.08,EUR-IS-1,
cpu3g-2-8,,,2.0,8.0,IS,,0.08,EUR-IS-2,
cpu3g-2-8,,,2.0,8.0,IS,,0.08,EUR-IS-3,
cpu3g-2-8,,,2.0,8.0,US,,0.08,US-CA-1,
cpu3g-2-8,,,2.0,8.0,US,,0.08,US-CA-2,
cpu3g-2-8,,,2.0,8.0,US,,0.08,US-DE-1,
cpu3g-2-8,,,2.0,8.0,US,,0.08,US-GA-1,
cpu3g-2-8,,,2.0,8.0,US,,0.08,US-GA-2,
cpu3g-2-8,,,2.0,8.0,US,,0.08,US-IL-1,
cpu3g-2-8,,,2.0,8.0,US,,0.08,US-KS-1,
cpu3g-2-8,,,2.0,8.0,US,,0.08,US-KS-2,
cpu3g-2-8,,,2.0,8.0,US,,0.08,US-NC-1,
cpu3g-2-8,,,2.0,8.0,US,,0.08,US-TX-1,
cpu3g-2-8,,,2.0,8.0,US,,0.08,US-TX-2,
cpu3g-2-8,,,2.0,8.0,US,,0.08,US-TX-3,
cpu3g-2-8,,,2.0,8.0,US,,0.08,US-TX-4,
cpu3g-2-8,,,2.0,8.0,US,,0.08,US-WA-1,
cpu3g-32-128,,,32.0,128.0,CA,,1.28,CA-MTL-1,
cpu3g-32-128,,,32.0,128.0,CA,,1.28,CA-MTL-2,
cpu3g-32-128,,,32.0,128.0,CA,,1.28,CA-MTL-3,
cpu3g-32-128,,,32.0,128.0,CZ,,1.28,EU-CZ-1,
cpu3g-32-128,,,32.0,128.0,NL,,1.28,EU-NL-1,
cpu3g-32-128,,,32.0,128.0,RO,,1.28,EU-RO-1,
cpu3g-32-128,,,32.0,128.0,NO,,1.28,EU-SE-1,
cpu3g-32-128,,,32.0,128.0,SE,,1.28,EU-SE-1,
cpu3g-32-128,,,32.0,128.0,IS,,1.28,EUR-IS-1,
cpu3g-32-128,,,32.0,128.0,IS,,1.28,EUR-IS-2,
cpu3g-32-128,,,32.0,128.0,IS,,1.28,EUR-IS-3,
cpu3g-32-128,,,32.0,128.0,US,,1.28,US-CA-1,
cpu3g-32-128,,,32.0,128.0,US,,1.28,US-CA-2,
cpu3g-32-128,,,32.0,128.0,US,,1.28,US-DE-1,
cpu3g-32-128,,,32.0,128.0,US,,1.28,US-GA-1,
cpu3g-32-128,,,32.0,128.0,US,,1.28,US-GA-2,
cpu3g-32-128,,,32.0,128.0,US,,1.28,US-IL-1,
cpu3g-32-128,,,32.0,128.0,US,,1.28,US-KS-1,
cpu3g-32-128,,,32.0,128.0,US,,1.28,US-KS-2,
cpu3g-32-128,,,32.0,128.0,US,,1.28,US-NC-1,
cpu3g-32-128,,,32.0,128.0,US,,1.28,US-TX-1,
cpu3g-32-128,,,32.0,128.0,US,,1.28,US-TX-2,
cpu3g-32-128,,,32.0,128.0,US,,1.28,US-TX-3,
cpu3g-32-128,,,32.0,128.0,US,,1.28,US-TX-4,
cpu3g-32-128,,,32.0,128.0,US,,1.28,US-WA-1,
cpu3g-4-16,,,4.0,16.0,CA,,0.16,CA-MTL-1,
cpu3g-4-16,,,4.0,16.0,CA,,0.16,CA-MTL-2,
cpu3g-4-16,,,4.0,16.0,CA,,0.16,CA-MTL-3,
cpu3g-4-16,,,4.0,16.0,CZ,,0.16,EU-CZ-1,
cpu3g-4-16,,,4.0,16.0,NL,,0.16,EU-NL-1,
cpu3g-4-16,,,4.0,16.0,RO,,0.16,EU-RO-1,
cpu3g-4-16,,,4.0,16.0,NO,,0.16,EU-SE-1,
cpu3g-4-16,,,4.0,16.0,SE,,0.16,EU-SE-1,
cpu3g-4-16,,,4.0,16.0,IS,,0.16,EUR-IS-1,
cpu3g-4-16,,,4.0,16.0,IS,,0.16,EUR-IS-2,
cpu3g-4-16,,,4.0,16.0,IS,,0.16,EUR-IS-3,
cpu3g-4-16,,,4.0,16.0,US,,0.16,US-CA-1,
cpu3g-4-16,,,4.0,16.0,US,,0.16,US-CA-2,
cpu3g-4-16,,,4.0,16.0,US,,0.16,US-DE-1,
cpu3g-4-16,,,4.0,16.0,US,,0.16,US-GA-1,
cpu3g-4-16,,,4.0,16.0,US,,0.16,US-GA-2,
cpu3g-4-16,,,4.0,16.0,US,,0.16,US-IL-1,
cpu3g-4-16,,,4.0,16.0,US,,0.16,US-KS-1,
cpu3g-4-16,,,4.0,16.0,US,,0.16,US-KS-2,
cpu3g-4-16,,,4.0,16.0,US,,0.16,US-NC-1,
cpu3g-4-16,,,4.0,16.0,US,,0.16,US-TX-1,
cpu3g-4-16,,,4.0,16.0,US,,0.16,US-TX-2,
cpu3g-4-16,,,4.0,16.0,US,,0.16,US-TX-3,
cpu3g-4-16,,,4.0,16.0,US,,0.16,US-TX-4,
cpu3g-4-16,,,4.0,16.0,US,,0.16,US-WA-1,
cpu3g-8-32,,,8.0,32.0,CA,,0.32,CA-MTL-1,
cpu3g-8-32,,,8.0,32.0,CA,,0.32,CA-MTL-2,
cpu3g-8-32,,,8.0,32.0,CA,,0.32,CA-MTL-3,
cpu3g-8-32,,,8.0,32.0,CZ,,0.32,EU-CZ-1,
cpu3g-8-32,,,8.0,32.0,NL,,0.32,EU-NL-1,
cpu3g-8-32,,,8.0,32.0,RO,,0.32,EU-RO-1,
cpu3g-8-32,,,8.0,32.0,NO,,0.32,EU-SE-1,
cpu3g-8-32,,,8.0,32.0,SE,,0.32,EU-SE-1,
cpu3g-8-32,,,8.0,32.0,IS,,0.32,EUR-IS-1,
cpu3g-8-32,,,8.0,32.0,IS,,0.32,EUR-IS-2,
cpu3g-8-32,,,8.0,32.0,IS,,0.32,EUR-IS-3,
cpu3g-8-32,,,8.0,32.0,US,,0.32,US-CA-1,
cpu3g-8-32,,,8.0,32.0,US,,0.32,US-CA-2,
cpu3g-8-32,,,8.0,32.0,US,,0.32,US-DE-1,
cpu3g-8-32,,,8.0,32.0,US,,0.32,US-GA-1,
cpu3g-8-32,,,8.0,32.0,US,,0.32,US-GA-2,
cpu3g-8-32,,,8.0,32.0,US,,0.32,US-IL-1,
cpu3g-8-32,,,8.0,32.0,US,,0.32,US-KS-1,
cpu3g-8-32,,,8.0,32.0,US,,0.32,US-KS-2,
cpu3g-8-32,,,8.0,32.0,US,,0.32,US-NC-1,
cpu3g-8-32,,,8.0,32.0,US,,0.32,US-TX-1,
cpu3g-8-32,,,8.0,32.0,US,,0.32,US-TX-2,
cpu3g-8-32,,,8.0,32.0,US,,0.32,US-TX-3,
cpu3g-8-32,,,8.0,32.0,US,,0.32,US-TX-4,
cpu3g-8-32,,,8.0,32.0,US,,0.32,US-WA-1,
cpu3m-16-128,,,16.0,128.0,CA,,0.88,CA-MTL-1,
cpu3m-16-128,,,16.0,128.0,CA,,0.88,CA-MTL-2,
cpu3m-16-128,,,16.0,128.0,CA,,0.88,CA-MTL-3,
cpu3m-16-128,,,16.0,128.0,CZ,,0.88,EU-CZ-1,
cpu3m-16-128,,,16.0,128.0,NL,,0.88,EU-NL-1,
cpu3m-16-128,,,16.0,128.0,RO,,0.88,EU-RO-1,
cpu3m-16-128,,,16.0,128.0,NO,,0.88,EU-SE-1,
cpu3m-16-128,,,16.0,128.0,SE,,0.88,EU-SE-1,
cpu3m-16-128,,,16.0,128.0,IS,,0.88,EUR-IS-1,
cpu3m-16-128,,,16.0,128.0,IS,,0.88,EUR-IS-2,
cpu3m-16-128,,,16.0,128.0,IS,,0.88,EUR-IS-3,
cpu3m-16-128,,,16.0,128.0,US,,0.88,US-CA-1,
cpu3m-16-128,,,16.0,128.0,US,,0.88,US-CA-2,
cpu3m-16-128,,,16.0,128.0,US,,0.88,US-DE-1,
cpu3m-16-128,,,16.0,128.0,US,,0.88,US-GA-1,
cpu3m-16-128,,,16.0,128.0,US,,0.88,US-GA-2,
cpu3m-16-128,,,16.0,128.0,US,,0.88,US-IL-1,
cpu3m-16-128,,,16.0,128.0,US,,0.88,US-KS-1,
cpu3m-16-128,,,16.0,128.0,US,,0.88,US-KS-2,
cpu3m-16-128,,,16.0,128.0,US,,0.88,US-NC-1,
cpu3m-16-128,,,16.0,128.0,US,,0.88,US-TX-1,
cpu3m-16-128,,,16.0,128.0,US,,0.88,US-TX-2,
cpu3m-16-128,,,16.0,128.0,US,,0.88,US-TX-3,
cpu3m-16-128,,,16.0,128.0,US,,0.88,US-TX-4,
cpu3m-16-128,,,16.0,128.0,US,,0.88,US-WA-1,
cpu3m-2-16,,,2.0,16.0,CA,,0.11,CA-MTL-1,
cpu3m-2-16,,,2.0,16.0,CA,,0.11,CA-MTL-2,
cpu3m-2-16,,,2.0,16.0,CA,,0.11,CA-MTL-3,
cpu3m-2-16,,,2.0,16.0,CZ,,0.11,EU-CZ-1,
cpu3m-2-16,,,2.0,16.0,NL,,0.11,EU-NL-1,
cpu3m-2-16,,,2.0,16.0,RO,,0.11,EU-RO-1,
cpu3m-2-16,,,2.0,16.0,NO,,0.11,EU-SE-1,
cpu3m-2-16,,,2.0,16.0,SE,,0.11,EU-SE-1,
cpu3m-2-16,,,2.0,16.0,IS,,0.11,EUR-IS-1,
cpu3m-2-16,,,2.0,16.0,IS,,0.11,EUR-IS-2,
cpu3m-2-16,,,2.0,16.0,IS,,0.11,EUR-IS-3,
cpu3m-2-16,,,2.0,16.0,US,,0.11,US-CA-1,
cpu3m-2-16,,,2.0,16.0,US,,0.11,US-CA-2,
cpu3m-2-16,,,2.0,16.0,US,,0.11,US-DE-1,
cpu3m-2-16,,,2.0,16.0,US,,0.11,US-GA-1,
cpu3m-2-16,,,2.0,16.0,US,,0.11,US-GA-2,
cpu3m-2-16,,,2.0,16.0,US,,0.11,US-IL-1,
cpu3m-2-16,,,2.0,16.0,US,,0.11,US-KS-1,
cpu3m-2-16,,,2.0,16.0,US,,0.11,US-KS-2,
cpu3m-2-16,,,2.0,16.0,US,,0.11,US-NC-1,
cpu3m-2-16,,,2.0,16.0,US,,0.11,US-TX-1,
cpu3m-2-16,,,2.0,16.0,US,,0.11,US-TX-2,
cpu3m-2-16,,,2.0,16.0,US,,0.11,US-TX-3,
cpu3m-2-16,,,2.0,16.0,US,,0.11,US-TX-4,
cpu3m-2-16,,,2.0,16.0,US,,0.11,US-WA-1,
cpu3m-32-256,,,32.0,256.0,CA,,1.76,CA-MTL-1,
cpu3m-32-256,,,32.0,256.0,CA,,1.76,CA-MTL-2,
cpu3m-32-256,,,32.0,256.0,CA,,1.76,CA-MTL-3,
cpu3m-32-256,,,32.0,256.0,CZ,,1.76,EU-CZ-1,
cpu3m-32-256,,,32.0,256.0,NL,,1.76,EU-NL-1,
cpu3m-32-256,,,32.0,256.0,RO,,1.76,EU-RO-1,
cpu3m-32-256,,,32.0,256.0,NO,,1.76,EU-SE-1,
cpu3m-32-256,,,32.0,256.0,SE,,1.76,EU-SE-1,
cpu3m-32-256,,,32.0,256.0,IS,,1.76,EUR-IS-1,
cpu3m-32-256,,,32.0,256.0,IS,,1.76,EUR-IS-2,
cpu3m-32-256,,,32.0,256.0,IS,,1.76,EUR-IS-3,
cpu3m-32-256,,,32.0,256.0,US,,1.76,US-CA-1,
cpu3m-32-256,,,32.0,256.0,US,,1.76,US-CA-2,
cpu3m-32-256,,,32.0,256.0,US,,1.76,US-DE-1,
cpu3m-32-256,,,32.0,256.0,US,,1.76,US-GA-1,
cpu3m-32-256,,,32.0,256.0,US,,1.76,US-GA-2,
cpu3m-32-256,,,32.0,256.0,US,,1.76,US-IL-1,
cpu3m-32-256,,,32.0,256.0,US,,1.76,US-KS-1,
cpu3m-32-256,,,32.0,256.0,US,,1.76,US-KS-2,
cpu3m-32-256,,,32.0,256.0,US,,1.76,US-NC-1,
cpu3m-32-256,,,32.0,256.0,US,,1.76,US-TX-1,
cpu3m-32-256,,,32.0,256.0,US,,1.76,US-TX-2,
cpu3m-32-256,,,32.0,256.0,US,,1.76,US-TX-3,
cpu3m-32-256,,,32.0,256.0,US,,1.76,US-TX-4,
cpu3m-32-256,,,32.0,256.0,US,,1.76,US-WA-1,
cpu3m-4-32,,,4.0,32.0,CA,,0.22,CA-MTL-1,
cpu3m-4-32,,,4.0,32.0,CA,,0.22,CA-MTL-2,
cpu3m-4-32,,,4.0,32.0,CA,,0.22,CA-MTL-3,
cpu3m-4-32,,,4.0,32.0,CZ,,0.22,EU-CZ-1,
cpu3m-4-32,,,4.0,32.0,NL,,0.22,EU-NL-1,
cpu3m-4-32,,,4.0,32.0,RO,,0.22,EU-RO-1,
cpu3m-4-32,,,4.0,32.0,NO,,0.22,EU-SE-1,
cpu3m-4-32,,,4.0,32.0,SE,,0.22,EU-SE-1,
cpu3m-4-32,,,4.0,32.0,IS,,0.22,EUR-IS-1,
cpu3m-4-32,,,4.0,32.0,IS,,0.22,EUR-IS-2,
cpu3m-4-32,,,4.0,32.0,IS,,0.22,EUR-IS-3,
cpu3m-4-32,,,4.0,32.0,US,,0.22,US-CA-1,
cpu3m-4-32,,,4.0,32.0,US,,0.22,US-CA-2,
cpu3m-4-32,,,4.0,32.0,US,,0.22,US-DE-1,
cpu3m-4-32,,,4.0,32.0,US,,0.22,US-GA-1,
cpu3m-4-32,,,4.0,32.0,US,,0.22,US-GA-2,
cpu3m-4-32,,,4.0,32.0,US,,0.22,US-IL-1,
cpu3m-4-32,,,4.0,32.0,US,,0.22,US-KS-1,
cpu3m-4-32,,,4.0,32.0,US,,0.22,US-KS-2,
cpu3m-4-32,,,4.0,32.0,US,,0.22,US-NC-1,
cpu3m-4-32,,,4.0,32.0,US,,0.22,US-TX-1,
cpu3m-4-32,,,4.0,32.0,US,,0.22,US-TX-2,
cpu3m-4-32,,,4.0,32.0,US,,0.22,US-TX-3,
cpu3m-4-32,,,4.0,32.0,US,,0.22,US-TX-4,
cpu3m-4-32,,,4.0,32.0,US,,0.22,US-WA-1,
cpu3m-8-64,,,8.0,64.0,CA,,0.44,CA-MTL-1,
cpu3m-8-64,,,8.0,64.0,CA,,0.44,CA-MTL-2,
cpu3m-8-64,,,8.0,64.0,CA,,0.44,CA-MTL-3,
cpu3m-8-64,,,8.0,64.0,CZ,,0.44,EU-CZ-1,
cpu3m-8-64,,,8.0,64.0,NL,,0.44,EU-NL-1,
cpu3m-8-64,,,8.0,64.0,RO,,0.44,EU-RO-1,
cpu3m-8-64,,,8.0,64.0,NO,,0.44,EU-SE-1,
cpu3m-8-64,,,8.0,64.0,SE,,0.44,EU-SE-1,
cpu3m-8-64,,,8.0,64.0,IS,,0.44,EUR-IS-1,
cpu3m-8-64,,,8.0,64.0,IS,,0.44,EUR-IS-2,
cpu3m-8-64,,,8.0,64.0,IS,,0.44,EUR-IS-3,
cpu3m-8-64,,,8.0,64.0,US,,0.44,US-CA-1,
cpu3m-8-64,,,8.0,64.0,US,,0.44,US-CA-2,
cpu3m-8-64,,,8.0,64.0,US,,0.44,US-DE-1,
cpu3m-8-64,,,8.0,64.0,US,,0.44,US-GA-1,
cpu3m-8-64,,,8.0,64.0,US,,0.44,US-GA-2,
cpu3m-8-64,,,8.0,64.0,US,,0.44,US-IL-1,
cpu3m-8-64,,,8.0,64.0,US,,0.44,US-KS-1,
cpu3m-8-64,,,8.0,64.0,US,,0.44,US-KS-2,
cpu3m-8-64,,,8.0,64.0,US,,0.44,US-NC-1,
cpu3m-8-64,,,8.0,64.0,US,,0.44,US-TX-1,
cpu3m-8-64,,,8.0,64.0,US,,0.44,US-TX-2,
cpu3m-8-64,,,8.0,64.0,US,,0.44,US-TX-3,
cpu3m-8-64,,,8.0,64.0,US,,0.44,US-TX-4,
cpu3m-8-64,,,8.0,64.0,US,,0.44,US-WA-1,
cpu5c-16-32,,,16.0,32.0,CA,,0.56,CA-MTL-1,
cpu5c-16-32,,,16.0,32.0,CA,,0.56,CA-MTL-2,
cpu5c-16-32,,,16.0,32.0,CA,,0.56,CA-MTL-3,
cpu5c-16-32,,,16.0,32.0,CZ,,0.56,EU-CZ-1,
cpu5c-16-32,,,16.0,32.0,NL,,0.56,EU-NL-1,
cpu5c-16-32,,,16.0,32.0,RO,,0.56,EU-RO-1,
cpu5c-16-32,,,16.0,32.0,NO,,0.56,EU-SE-1,
cpu5c-16-32,,,16.0,32.0,SE,,0.56,EU-SE-1,
cpu5c-16-32,,,16.0,32.0,IS,,0.56,EUR-IS-1,
cpu5c-16-32,,,16.0,32.0,IS,,0.56,EUR-IS-2,
cpu5c-16-32,,,16.0,32.0,IS,,0.56,EUR-IS-3,
cpu5c-16-32,,,16.0,32.0,US,,0.56,US-CA-1,
cpu5c-16-32,,,16.0,32.0,US,,0.56,US-CA-2,
cpu5c-16-32,,,16.0,32.0,US,,0.56,US-DE-1,
cpu5c-16-32,,,16.0,32.0,US,,0.56,US-GA-1,
cpu5c-16-32,,,16.0,32.0,US,,0.56,US-GA-2,
cpu5c-16-32,,,16.0,32.0,US,,0.56,US-IL-1,
cpu5c-16-32,,,16.0,32.0,US,,0.56,US-KS-1,
cpu5c-16-32,,,16.0,32.0,US,,0.56,US-KS-2,
cpu5c-16-32,,,16.0,32.0,US,,0.56,US-NC-1,
cpu5c-16-32,,,16.0,32.0,US,,0.56,US-TX-1,
cpu5c-16-32,,,16.0,32.0,US,,0.56,US-TX-2,
cpu5c-16-32,,,16.0,32.0,US,,0.56,US-TX-3,
cpu5c-16-32,,,16.0,32.0,US,,0.56,US-TX-4,
cpu5c-16-32,,,16.0,32.0,US,,0.56,US-WA-1,
cpu5c-2-4,,,2.0,4.0,CA,,0.07,CA-MTL-1,
cpu5c-2-4,,,2.0,4.0,CA,,0.07,CA-MTL-2,
cpu5c-2-4,,,2.0,4.0,CA,,0.07,CA-MTL-3,
cpu5c-2-4,,,2.0,4.0,CZ,,0.07,EU-CZ-1,
cpu5c-2-4,,,2.0,4.0,NL,,0.07,EU-NL-1,
cpu5c-2-4,,,2.0,4.0,RO,,0.07,EU-RO-1,
cpu5c-2-4,,,2.0,4.0,NO,,0.07,EU-SE-1,
cpu5c-2-4,,,2.0,4.0,SE,,0.07,EU-SE-1,
cpu5c-2-4,,,2.0,4.0,IS,,0.07,EUR-IS-1,
cpu5c-2-4,,,2.0,4.0,IS,,0.07,EUR-IS-2,
cpu5c-2-4,,,2.0,4.0,IS,,0.07,EUR-IS-3,
cpu5c-2-4,,,2.0,4.0,US,,0.07,US-CA-1,
cpu5c-2-4,,,2.0,4.0,US,,0.07,US-CA-2,
cpu5c-2-4,,,2.0,4.0,US,,0.07,US-DE-1,
cpu5c-2-4,,,2.0,4.0,US,,0.07,US-GA-1,
cpu5c-2-4,,,2.0,4.0,US,,0.07,US-GA-2,
cpu5c-2-4,,,2.0,4.0,US,,0.07,US-IL-1,
cpu5c-2-4,,,2.0,4.0,US,,0.07,US-KS-1,
cpu5c-2-4,,,2.0,4.0,US,,0.07,US-KS-2,
cpu5c-2-4,,,2.0,4.0,US,,0.07,US-NC-1,
cpu5c-2-4,,,2.0,4.0,US,,0.07,US-TX-1,
cpu5c-2-4,,,2.0,4.0,US,,0.07,US-TX-2,
cpu5c-2-4,,,2.0,4.0,US,,0.07,US-TX-3,
cpu5c-2-4,,,2.0,4.0,US,,0.07,US-TX-4,
cpu5c-2-4,,,2.0,4.0,US,,0.07,US-WA-1,
cpu5c-32-64,,,32.0,64.0,CA,,1.12,CA-MTL-1,
cpu5c-32-64,,,32.0,64.0,CA,,1.12,CA-MTL-2,
cpu5c-32-64,,,32.0,64.0,CA,,1.12,CA-MTL-3,
cpu5c-32-64,,,32.0,64.0,CZ,,1.12,EU-CZ-1,
cpu5c-32-64,,,32.0,64.0,NL,,1.12,EU-NL-1,
cpu5c-32-64,,,32.0,64.0,RO,,1.12,EU-RO-1,
cpu5c-32-64,,,32.0,64.0,NO,,1.12,EU-SE-1,
cpu5c-32-64,,,32.0,64.0,SE,,1.12,EU-SE-1,
cpu5c-32-64,,,32.0,64.0,IS,,1.12,EUR-IS-1,
cpu5c-32-64,,,32.0,64.0,IS,,1.12,EUR-IS-2,
cpu5c-32-64,,,32.0,64.0,IS,,1.12,EUR-IS-3,
cpu5c-32-64,,,32.0,64.0,US,,1.12,US-CA-1,
cpu5c-32-64,,,32.0,64.0,US,,1.12,US-CA-2,
cpu5c-32-64,,,32.0,64.0,US,,1.12,US-DE-1,
cpu5c-32-64,,,32.0,64.0,US,,1.12,US-GA-1,
cpu5c-32-64,,,32.0,64.0,US,,1.12,US-GA-2,
cpu5c-32-64,,,32.0,64.0,US,,1.12,US-IL-1,
cpu5c-32-64,,,32.0,64.0,US,,1.12,US-KS-1,
cpu5c-32-64,,,32.0,64.0,US,,1.12,US-KS-2,
cpu5c-32-64,,,32.0,64.0,US,,1.12,US-NC-1,
cpu5c-32-64,,,32.0,64.0,US,,1.12,US-TX-1,
cpu5c-32-64,,,32.0,64.0,US,,1.12,US-TX-2,
cpu5c-32-64,,,32.0,64.0,US,,1.12,US-TX-3,
cpu5c-32-64,,,32.0,64.0,US,,1.12,US-TX-4,
cpu5c-32-64,,,32.0,64.0,US,,1.12,US-WA-1,
cpu5c-4-8,,,4.0,8.0,CA,,0.14,CA-MTL-1,
cpu5c-4-8,,,4.0,8.0,CA,,0.14,CA-MTL-2,
cpu5c-4-8,,,4.0,8.0,CA,,0.14,CA-MTL-3,
cpu5c-4-8,,,4.0,8.0,CZ,,0.14,EU-CZ-1,
cpu5c-4-8,,,4.0,8.0,NL,,0.14,EU-NL-1,
cpu5c-4-8,,,4.0,8.0,RO,,0.14,EU-RO-1,
cpu5c-4-8,,,4.0,8.0,NO,,0.14,EU-SE-1,
cpu5c-4-8,,,4.0,8.0,SE,,0.14,EU-SE-1,
cpu5c-4-8,,,4.0,8.0,IS,,0.14,EUR-IS-1,
cpu5c-4-8,,,4.0,8.0,IS,,0.14,EUR-IS-2,
cpu5c-4-8,,,4.0,8.0,IS,,0.14,EUR-IS-3,
cpu5c-4-8,,,4.0,8.0,US,,0.14,US-CA-1,
cpu5c-4-8,,,4.0,8.0,US,,0.14,US-CA-2,
cpu5c-4-8,,,4.0,8.0,US,,0.14,US-DE-1,
cpu5c-4-8,,,4.0,8.0,US,,0.14,US-GA-1,
cpu5c-4-8,,,4.0,8.0,US,,0.14,US-GA-2,
cpu5c-4-8,,,4.0,8.0,US,,0.14,US-IL-1,
cpu5c-4-8,,,4.0,8.0,US,,0.14,US-KS-1,
cpu5c-4-8,,,4.0,8.0,US,,0.14,US-KS-2,
cpu5c-4-8,,,4.0,8.0,US,,0.14,US-NC-1,
cpu5c-4-8,,,4.0,8.0,US,,0.14,US-TX-1,
cpu5c-4-8,,,4.0,8.0,US,,0.14,US-TX-2,
cpu5c-4-8,,,4.0,8.0,US,,0.14,US-TX-3,
cpu5c-4-8,,,4.0,8.0,US,,0.14,US-TX-4,
cpu5c-4-8,,,4.0,8.0,US,,0.14,US-WA-1,
cpu5c-8-16,,,8.0,16.0,CA,,0.28,CA-MTL-1,
cpu5c-8-16,,,8.0,16.0,CA,,0.28,CA-MTL-2,
cpu5c-8-16,,,8.0,16.0,CA,,0.28,CA-MTL-3,
cpu5c-8-16,,,8.0,16.0,CZ,,0.28,EU-CZ-1,
cpu5c-8-16,,,8.0,16.0,NL,,0.28,EU-NL-1,
cpu5c-8-16,,,8.0,16.0,RO,,0.28,EU-RO-1,
cpu5c-8-16,,,8.0,16.0,NO,,0.28,EU-SE-1,
cpu5c-8-16,,,8.0,16.0,SE,,0.28,EU-SE-1,
cpu5c-8-16,,,8.0,16.0,IS,,0.28,EUR-IS-1,
cpu5c-8-16,,,8.0,16.0,IS,,0.28,EUR-IS-2,
cpu5c-8-16,,,8.0,16.0,IS,,0.28,EUR-IS-3,
cpu5c-8-16,,,8.0,16.0,US,,0.28,US-CA-1,
cpu5c-8-16,,,8.0,16.0,US,,0.28,US-CA-2,
cpu5c-8-16,,,8.0,16.0,US,,0.28,US-DE-1,
cpu5c-8-16,,,8.0,16.0,US,,0.28,US-GA-1,
cpu5c-8-16,,,8.0,16.0,US,,0.28,US-GA-2,
cpu5c-8-16,,,8.0,16.0,US,,0.28,US-IL-1,
cpu5c-8-16,,,8.0,16.0,US,,0.28,US-KS-1,
cpu5c-8-16,,,8.0,16.0,US,,0.28,US-KS-2,
cpu5c-8-16,,,8.0,16.0,US,,0.28,US-NC-1,
cpu5c-8-16,,,8.0,16.0,US,,0.28,US-TX-1,
cpu5c-8-16,,,8.0,16.0,US,,0.28,US-TX-2,
cpu5c-8-16,,,8.0,16.0,US,,0.28,US-TX-3,
cpu5c-8-16,,,8.0,16.0,US,,0.28,US-TX-4,
cpu5c-8-16,,,8.0,16.0,US,,0.28,US-WA-1,
cpu5g-16-64,,,16.0,64.0,CA,,0.736,CA-MTL-1,
cpu5g-16-64,,,16.0,64.0,CA,,0.736,CA-MTL-2,
cpu5g-16-64,,,16.0,64.0,CA,,0.736,CA-MTL-3,
cpu5g-16-64,,,16.0,64.0,CZ,,0.736,EU-CZ-1,
cpu5g-16-64,,,16.0,64.0,NL,,0.736,EU-NL-1,
cpu5g-16-64,,,16.0,64.0,RO,,0.736,EU-RO-1,
cpu5g-16-64,,,16.0,64.0,NO,,0.736,EU-SE-1,
cpu5g-16-64,,,16.0,64.0,SE,,0.736,EU-SE-1,
cpu5g-16-64,,,16.0,64.0,IS,,0.736,EUR-IS-1,
cpu5g-16-64,,,16.0,64.0,IS,,0.736,EUR-IS-2,
cpu5g-16-64,,,16.0,64.0,IS,,0.736,EUR-IS-3,
cpu5g-16-64,,,16.0,64.0,US,,0.736,US-CA-1,
cpu5g-16-64,,,16.0,64.0,US,,0.736,US-CA-2,
cpu5g-16-64,,,16.0,64.0,US,,0.736,US-DE-1,
cpu5g-16-64,,,16.0,64.0,US,,0.736,US-GA-1,
cpu5g-16-64,,,16.0,64.0,US,,0.736,US-GA-2,
cpu5g-16-64,,,16.0,64.0,US,,0.736,US-IL-1,
cpu5g-16-64,,,16.0,64.0,US,,0.736,US-KS-1,
cpu5g-16-64,,,16.0,64.0,US,,0.736,US-KS-2,
cpu5g-16-64,,,16.0,64.0,US,,0.736,US-NC-1,
cpu5g-16-64,,,16.0,64.0,US,,0.736,US-TX-1,
cpu5g-16-64,,,16.0,64.0,US,,0.736,US-TX-2,
cpu5g-16-64,,,16.0,64.0,US,,0.736,US-TX-3,
cpu5g-16-64,,,16.0,64.0,US,,0.736,US-TX-4,
cpu5g-16-64,,,16.0,64.0,US,,0.736,US-WA-1,
cpu5g-2-8,,,2.0,8.0,CA,,0.092,CA-MTL-1,
cpu5g-2-8,,,2.0,8.0,CA,,0.092,CA-MTL-2,
cpu5g-2-8,,,2.0,8.0,CA,,0.092,CA-MTL-3,
cpu5g-2-8,,,2.0,8.0,CZ,,0.092,EU-CZ-1,
cpu5g-2-8,,,2.0,8.0,NL,,0.092,EU-NL-1,
cpu5g-2-8,,,2.0,8.0,RO,,0.092,EU-RO-1,
cpu5g-2-8,,,2.0,8.0,NO,,0.092,EU-SE-1,
cpu5g-2-8,,,2.0,8.0,SE,,0.092,EU-SE-1,
cpu5g-2-8,,,2.0,8.0,IS,,0.092,EUR-IS-1,
cpu5g-2-8,,,2.0,8.0,IS,,0.092,EUR-IS-2,
cpu5g-2-8,,,2.0,8.0,IS,,0.092,EUR-IS-3,
cpu5g-2-8,,,2.0,8.0,US,,0.092,US-CA-1,
cpu5g-2-8,,,2.0,8.0,US,,0.092,US-CA-2,
cpu5g-2-8,,,2.0,8.0,US,,0.092,US-DE-1,
cpu5g-2-8,,,2.0,8.0,US,,0.092,US-GA-1,
cpu5g-2-8,,,2.0,8.0,US,,0.092,US-GA-2,
cpu5g-2-8,,,2.0,8.0,US,,0.092,US-IL-1,
cpu5g-2-8,,,2.0,8.0,US,,0.092,US-KS-1,
cpu5g-2-8,,,2.0,8.0,US,,0.092,US-KS-2,
cpu5g-2-8,,,2.0,8.0,US,,0.092,US-NC-1,
cpu5g-2-8,,,2.0,8.0,US,,0.092,US-TX-1,
cpu5g-2-8,,,2.0,8.0,US,,0.092,US-TX-2,
cpu5g-2-8,,,2.0,8.0,US,,0.092,US-TX-3,
cpu5g-2-8,,,2.0,8.0,US,,0.092,US-TX-4,
cpu5g-2-8,,,2.0,8.0,US,,0.092,US-WA-1,
cpu5g-32-128,,,32.0,128.0,CA,,1.472,CA-MTL-1,
cpu5g-32-128,,,32.0,128.0,CA,,1.472,CA-MTL-2,
cpu5g-32-128,,,32.0,128.0,CA,,1.472,CA-MTL-3,
cpu5g-32-128,,,32.0,128.0,CZ,,1.472,EU-CZ-1,
cpu5g-32-128,,,32.0,128.0,NL,,1.472,EU-NL-1,
cpu5g-32-128,,,32.0,128.0,RO,,1.472,EU-RO-1,
cpu5g-32-128,,,32.0,128.0,NO,,1.472,EU-SE-1,
cpu5g-32-128,,,32.0,128.0,SE,,1.472,EU-SE-1,
cpu5g-32-128,,,32.0,128.0,IS,,1.472,EUR-IS-1,
cpu5g-32-128,,,32.0,128.0,IS,,1.472,EUR-IS-2,
cpu5g-32-128,,,32.0,128.0,IS,,1.472,EUR-IS-3,
cpu5g-32-128,,,32.0,128.0,US,,1.472,US-CA-1,
cpu5g-32-128,,,32.0,128.0,US,,1.472,US-CA-2,
cpu5g-32-128,,,32.0,128.0,US,,1.472,US-DE-1,
cpu5g-32-128,,,32.0,128.0,US,,1.472,US-GA-1,
cpu5g-32-128,,,32.0,128.0,US,,1.472,US-GA-2,
cpu5g-32-128,,,32.0,128.0,US,,1.472,US-IL-1,
cpu5g-32-128,,,32.0,128.0,US,,1.472,US-KS-1,
cpu5g-32-128,,,32.0,128.0,US,,1.472,US-KS-2,
cpu5g-32-128,,,32.0,128.0,US,,1.472,US-NC-1,
cpu5g-32-128,,,32.0,128.0,US,,1.472,US-TX-1,
cpu5g-32-128,,,32.0,128.0,US,,1.472,US-TX-2,
cpu5g-32-128,,,32.0,128.0,US,,1.472,US-TX-3,
cpu5g-32-128,,,32.0,128.0,US,,1.472,US-TX-4,
cpu5g-32-128,,,32.0,128.0,US,,1.472,US-WA-1,
cpu5g-4-16,,,4.0,16.0,CA,,0.184,CA-MTL-1,
cpu5g-4-16,,,4.0,16.0,CA,,0.184,CA-MTL-2,
cpu5g-4-16,,,4.0,16.0,CA,,0.184,CA-MTL-3,
cpu5g-4-16,,,4.0,16.0,CZ,,0.184,EU-CZ-1,
cpu5g-4-16,,,4.0,16.0,NL,,0.184,EU-NL-1,
cpu5g-4-16,,,4.0,16.0,RO,,0.184,EU-RO-1,
cpu5g-4-16,,,4.0,16.0,NO,,0.184,EU-SE-1,
cpu5g-4-16,,,4.0,16.0,SE,,0.184,EU-SE-1,
cpu5g-4-16,,,4.0,16.0,IS,,0.184,EUR-IS-1,
cpu5g-4-16,,,4.0,16.0,IS,,0.184,EUR-IS-2,
cpu5g-4-16,,,4.0,16.0,IS,,0.184,EUR-IS-3,
cpu5g-4-16,,,4.0,16.0,US,,0.184,US-CA-1,
cpu5g-4-16,,,4.0,16.0,US,,0.184,US-CA-2,
cpu5g-4-16,,,4.0,16.0,US,,0.184,US-DE-1,
cpu5g-4-16,,,4.0,16.0,US,,0.184,US-GA-1,
cpu5g-4-16,,,4.0,16.0,US,,0.184,US-GA-2,
cpu5g-4-16,,,4.0,16.0,US,,0.184,US-IL-1,
cpu5g-4-16,,,4.0,16.0,US,,0.184,US-KS-1,
cpu5g-4-16,,,4.0,16.0,US,,0.184,US-KS-2,
cpu5g-4-16,,,4.0,16.0,US,,0.184,US-NC-1,
cpu5g-4-16,,,4.0,16.0,US,,0.184,US-TX-1,
cpu5g-4-16,,,4.0,16.0,US,,0.184,US-TX-2,
cpu5g-4-16,,,4.0,16.0,US,,0.184,US-TX-3,
cpu5g-4-16,,,4.0,16.0,US,,0.184,US-TX-4,
cpu5g-4-16,,,4.0,16.0,US,,0.184,US-WA-1,
cpu5g-8-32,,,8.0,32.0,CA,,0.368,CA-MTL-1,
cpu5g-8-32,,,8.0,32.0,CA,,0.368,CA-MTL-2,
cpu5g-8-32,,,8.0,32.0,CA,,0.368,CA-MTL-3,
cpu5g-8-32,,,8.0,32.0,CZ,,0.368,EU-CZ-1,
cpu5g-8-32,,,8.0,32.0,NL,,0.368,EU-NL-1,
cpu5g-8-32,,,8.0,32.0,RO,,0.368,EU-RO-1,
cpu5g-8-32,,,8.0,32.0,NO,,0.368,EU-SE-1,
cpu5g-8-32,,,8.0,32.0,SE,,0.368,EU-SE-1,
cpu5g-8-32,,,8.0,32.0,IS,,0.368,EUR-IS-1,
cpu5g-8-32,,,8.0,32.0,IS,,0.368,EUR-IS-2,
cpu5g-8-32,,,8.0,32.0,IS,,0.368,EUR-IS-3,
cpu5g-8-32,,,8.0,32.0,US,,0.368,US-CA-1,
cpu5g-8-32,,,8.0,32.0,US,,0.368,US-CA-2,
cpu5g-8-32,,,8.0,32.0,US,,0.368,US-DE-1,
cpu5g-8-32,,,8.0,32.0,US,,0.368,US-GA-1,
cpu5g-8-32,,,8.0,32.0,US,,0.368,US-GA-2,
cpu5g-8-32,,,8.0,32.0,US,,0.368,US-IL-1,
cpu5g-8-32,,,8.0,32.0,US,,0.368,US-KS-1,
cpu5g-8-32,,,8.0,32.0,US,,0.368,US-KS-2,
cpu5g-8-32,,,8.0,32.0,US,,0.368,US-NC-1,
cpu5g-8-32,,,8.0,32.0,US,,0.368,US-TX-1,
cpu5g-8-32,,,8.0,32.0,US,,0.368,US-TX-2,
cpu5g-8-32,,,8.0,32.0,US,,0.368,US-TX-3,
cpu5g-8-32,,,8.0,32.0,US,,0.368,US-TX-4,
cpu5g-8-32,,,8.0,32.0,US,,0.368,US-WA-1,
cpu5m-16-128,,,16.0,128.0,CA,,1.04,CA-MTL-1,
cpu5m-16-128,,,16.0,128.0,CA,,1.04,CA-MTL-2,
cpu5m-16-128,,,16.0,128.0,CA,,1.04,CA-MTL-3,
cpu5m-16-128,,,16.0,128.0,CZ,,1.04,EU-CZ-1,
cpu5m-16-128,,,16.0,128.0,NL,,1.04,EU-NL-1,
cpu5m-16-128,,,16.0,128.0,RO,,1.04,EU-RO-1,
cpu5m-16-128,,,16.0,128.0,NO,,1.04,EU-SE-1,
cpu5m-16-128,,,16.0,128.0,SE,,1.04,EU-SE-1,
cpu5m-16-128,,,16.0,128.0,IS,,1.04,EUR-IS-1,
cpu5m-16-128,,,16.0,128.0,IS,,1.04,EUR-IS-2,
cpu5m-16-128,,,16.0,128.0,IS,,1.04,EUR-IS-3,
cpu5m-16-128,,,16.0,128.0,US,,1.04,US-CA-1,
cpu5m-16-128,,,16.0,128.0,US,,1.04,US-CA-2,
cpu5m-16-128,,,16.0,128.0,US,,1.04,US-DE-1,
cpu5m-16-128,,,16.0,128.0,US,,1.04,US-GA-1,
cpu5m-16-128,,,16.0,128.0,US,,1.04,US-GA-2,
cpu5m-16-128,,,16.0,128.0,US,,1.04,US-IL-1,
cpu5m-16-128,,,16.0,128.0,US,,1.04,US-KS-1,
cpu5m-16-128,,,16.0,128.0,US,,1.04,US-KS-2,
cpu5m-16-128,,,16.0,128.0,US,,1.04,US-NC-1,
cpu5m-16-128,,,16.0,128.0,US,,1.04,US-TX-1,
cpu5m-16-128,,,16.0,128.0,US,,1.04,US-TX-2,
cpu5m-16-128,,,16.0,128.0,US,,1.04,US-TX-3,
cpu5m-16-128,,,16.0,128.0,US,,1.04,US-TX-4,
cpu5m-16-128,,,16.0,128.0,US,,1.04,US-WA-1,
cpu5m-2-16,,,2.0,16.0,CA,,0.13,CA-MTL-1,
cpu5m-2-16,,,2.0,16.0,CA,,0.13,CA-MTL-2,
cpu5m-2-16,,,2.0,16.0,CA,,0.13,CA-MTL-3,
cpu5m-2-16,,,2.0,16.0,CZ,,0.13,EU-CZ-1,
cpu5m-2-16,,,2.0,16.0,NL,,0.13,EU-NL-1,
cpu5m-2-16,,,2.0,16.0,RO,,0.13,EU-RO-1,
cpu5m-2-16,,,2.0,16.0,NO,,0.13,EU-SE-1,
cpu5m-2-16,,,2.0,16.0,SE,,0.13,EU-SE-1,
cpu5m-2-16,,,2.0,16.0,IS,,0.13,EUR-IS-1,
cpu5m-2-16,,,2.0,16.0,IS,,0.13,EUR-IS-2,
cpu5m-2-16,,,2.0,16.0,IS,,0.13,EUR-IS-3,
cpu5m-2-16,,,2.0,16.0,US,,0.13,US-CA-1,
cpu5m-2-16,,,2.0,16.0,US,,0.13,US-CA-2,
cpu5m-2-16,,,2.0,16.0,US,,0.13,US-DE-1,
cpu5m-2-16,,,2.0,16.0,US,,0.13,US-GA-1,
cpu5m-2-16,,,2.0,16.0,US,,0.13,US-GA-2,
cpu5m-2-16,,,2.0,16.0,US,,0.13,US-IL-1,
cpu5m-2-16,,,2.0,16.0,US,,0.13,US-KS-1,
cpu5m-2-16,,,2.0,16.0,US,,0.13,US-KS-2,
cpu5m-2-16,,,2.0,16.0,US,,0.13,US-NC-1,
cpu5m-2-16,,,2.0,16.0,US,,0.13,US-TX-1,
cpu5m-2-16,,,2.0,16.0,US,,0.13,US-TX-2,
cpu5m-2-16,,,2.0,16.0,US,,0.13,US-TX-3,
cpu5m-2-16,,,2.0,16.0,US,,0.13,US-TX-4,
cpu5m-2-16,,,2.0,16.0,US,,0.13,US-WA-1,
cpu5m-32-256,,,32.0,256.0,CA,,2.08,CA-MTL-1,
cpu5m-32-256,,,32.0,256.0,CA,,2.08,CA-MTL-2,
cpu5m-32-256,,,32.0,256.0,CA,,2.08,CA-MTL-3,
cpu5m-32-256,,,32.0,256.0,CZ,,2.08,EU-CZ-1,
cpu5m-32-256,,,32.0,256.0,NL,,2.08,EU-NL-1,
cpu5m-32-256,,,32.0,256.0,RO,,2.08,EU-RO-1,
cpu5m-32-256,,,32.0,256.0,NO,,2.08,EU-SE-1,
cpu5m-32-256,,,32.0,256.0,SE,,2.08,EU-SE-1,
cpu5m-32-256,,,32.0,256.0,IS,,2.08,EUR-IS-1,
cpu5m-32-256,,,32.0,256.0,IS,,2.08,EUR-IS-2,
cpu5m-32-256,,,32.0,256.0,IS,,2.08,EUR-IS-3,
cpu5m-32-256,,,32.0,256.0,US,,2.08,US-CA-1,
cpu5m-32-256,,,32.0,256.0,US,,2.08,US-CA-2,
cpu5m-32-256,,,32.0,256.0,US,,2.08,US-DE-1,
cpu5m-32-256,,,32.0,256.0,US,,2.08,US-GA-1,
cpu5m-32-256,,,32.0,256.0,US,,2.08,US-GA-2,
cpu5m-32-256,,,32.0,256.0,US,,2.08,US-IL-1,
cpu5m-32-256,,,32.0,256.0,US,,2.08,US-KS-1,
cpu5m-32-256,,,32.0,256.0,US,,2.08,US-KS-2,
cpu5m-32-256,,,32.0,256.0,US,,2.08,US-NC-1,
cpu5m-32-256,,,32.0,256.0,US,,2.08,US-TX-1,
cpu5m-32-256,,,32.0,256.0,US,,2.08,US-TX-2,
cpu5m-32-256,,,32.0,256.0,US,,2.08,US-TX-3,
cpu5m-32-256,,,32.0,256.0,US,,2.08,US-TX-4,
cpu5m-32-256,,,32.0,256.0,US,,2.08,US-WA-1,
cpu5m-4-32,,,4.0,32.0,CA,,0.26,CA-MTL-1,
cpu5m-4-32,,,4.0,32.0,CA,,0.26,CA-MTL-2,
cpu5m-4-32,,,4.0,32.0,CA,,0.26,CA-MTL-3,
cpu5m-4-32,,,4.0,32.0,CZ,,0.26,EU-CZ-1,
cpu5m-4-32,,,4.0,32.0,NL,,0.26,EU-NL-1,
cpu5m-4-32,,,4.0,32.0,RO,,0.26,EU-RO-1,
cpu5m-4-32,,,4.0,32.0,NO,,0.26,EU-SE-1,
cpu5m-4-32,,,4.0,32.0,SE,,0.26,EU-SE-1,
cpu5m-4-32,,,4.0,32.0,IS,,0.26,EUR-IS-1,
cpu5m-4-32,,,4.0,32.0,IS,,0.26,EUR-IS-2,
cpu5m-4-32,,,4.0,32.0,IS,,0.26,EUR-IS-3,
cpu5m-4-32,,,4.0,32.0,US,,0.26,US-CA-1,
cpu5m-4-32,,,4.0,32.0,US,,0.26,US-CA-2,
cpu5m-4-32,,,4.0,32.0,US,,0.26,US-DE-1,
cpu5m-4-32,,,4.0,32.0,US,,0.26,US-GA-1,
cpu5m-4-32,,,4.0,32.0,US,,0.26,US-GA-2,
cpu5m-4-32,,,4.0,32.0,US,,0.26,US-IL-1,
cpu5m-4-32,,,4.0,32.0,US,,0.26,US-KS-1,
cpu5m-4-32,,,4.0,32.0,US,,0.26,US-KS-2,
cpu5m-4-32,,,4.0,32.0,US,,0.26,US-NC-1,
cpu5m-4-32,,,4.0,32.0,US,,0.26,US-TX-1,
cpu5m-4-32,,,4.0,32.0,US,,0.26,US-TX-2,
cpu5m-4-32,,,4.0,32.0,US,,0.26,US-TX-3,
cpu5m-4-32,,,4.0,32.0,US,,0.26,US-TX-4,
cpu5m-4-32,,,4.0,32.0,US,,0.26,US-WA-1,
cpu5m-8-64,,,8.0,64.0,CA,,0.52,CA-MTL-1,
cpu5m-8-64,,,8.0,64.0,CA,,0.52,CA-MTL-2,
cpu5m-8-64,,,8.0,64.0,CA,,0.52,CA-MTL-3,
cpu5m-8-64,,,8.0,64.0,CZ,,0.52,EU-CZ-1,
cpu5m-8-64,,,8.0,64.0,NL,,0.52,EU-NL-1,
cpu5m-8-64,,,8.0,64.0,RO,,0.52,EU-RO-1,
cpu5m-8-64,,,8.0,64.0,NO,,0.52,EU-SE-1,
cpu5m-8-64,,,8.0,64.0,SE,,0.52,EU-SE-1,
cpu5m-8-64,,,8.0,64.0,IS,,0.52,EUR-IS-1,
cpu5m-8-64,,,8.0,64.0,IS,,0.52,EUR-IS-2,
cpu5m-8-64,,,8.0,64.0,IS,,0.52,EUR-IS-3,
cpu5m-8-64,,,8.0,64.0,US,,0.52,US-CA-1,
cpu5m-8-64,,,8.0,64.0,US,,0.52,US-CA-2,
cpu5m-8-64,,,8.0,64.0,US,,0.52,US-DE-1,
cpu5m-8-64,,,8.0,64.0,US,,0.52,US-GA-1,
cpu5m-8-64,,,8.0,64.0,US,,0.52,US-GA-2,
cpu5m-8-64,,,8.0,64.0,US,,0.52,US-IL-1,
cpu5m-8-64,,,8.0,64.0,US,,0.52,US-KS-1,
cpu5m-8-64,,,8.0,64.0,US,,0.52,US-KS-2,
cpu5m-8-64,,,8.0,64.0,US,,0.52,US-NC-1,
cpu5m-8-64,,,8.0,64.0,US,,0.52,US-TX-1,
cpu5m-8-64,,,8.0,64.0,US,,0.52,US-TX-2,
cpu5m-8-64,,,8.0,64.0,US,,0.52,US-TX-3,
cpu5m-8-64,,,8.0,64.0,US,,0.52,US-TX-4,
cpu5m-8-64,,,8.0,64.0,US,,0.52,US-WA-1,
